contains	docs/acceptance-cases/05_ui.md	case_id: UI-MOB-001
case_contains	docs/acceptance-cases/05_ui.md	UI-MOB-001	run: scripts/check-mobile-baseline.sh
case_contains	docs/acceptance-cases/05_ui.md	UI-MOB-001	run: cargo test -p deve_web mobile_viewport_mapping -- --nocapture
case_contains	docs/acceptance-cases/05_ui.md	UI-MOB-001	run: cargo test -p deve_web ngit_status_command_routes_mobile_to_source_control_drawer -- --nocapture
case_contains	docs/acceptance-cases/05_ui.md	UI-MOB-001	run: cargo test -p deve_web ngit_status_command_clears_stale_cli_notice_on_mobile -- --nocapture
case_contains	docs/acceptance-cases/05_ui.md	UI-MOB-001	cli_assert: mobile_viewport_mapping_bound true
case_contains	docs/acceptance-cases/05_ui.md	UI-MOB-001	cli_assert: mobile_layout_mode_marker_bound true
case_contains	docs/acceptance-cases/05_ui.md	UI-MOB-001	cli_assert: mobile_git_status_notice_does_not_replace_source_control_entry true
case_contains	docs/acceptance-cases/05_ui.md	UI-MOB-001	ui_assert: layout_mode_eq "mobile"
contains	apps/web/src/components/layout_breakpoint.rs	pub(crate) const MOBILE_BREAKPOINT_WIDTH: f64 = 768.0;
contains	apps/web/src/components/layout_breakpoint.rs	pub(crate) fn viewport_width_maps_to_mobile(width: f64) -> bool
contains	apps/web/src/components/layout_breakpoint.rs	fn mobile_viewport_mapping_uses_inclusive_768px_boundary()
contains	apps/web/src/components/mobile_layout/layout_frame.rs	data-deve-layout-mode="mobile"
contains	apps/web/src/components/command_palette/registry/ngit/tests/status.rs	fn ngit_status_command_routes_mobile_to_source_control_drawer()
contains	apps/web/src/components/command_palette/registry/ngit/tests/status.rs	fn ngit_status_command_clears_stale_cli_notice_on_mobile()
contains	docs/acceptance-cases/05_ui.md	case_id: UI-MOB-002
case_contains	docs/acceptance-cases/05_ui.md	UI-MOB-002	run: scripts/check-mobile-baseline.sh
case_contains	docs/acceptance-cases/05_ui.md	UI-MOB-002	run: cargo test -p deve_web mobile_drawer_edge_swipe -- --nocapture
case_contains	docs/acceptance-cases/05_ui.md	UI-MOB-002	cli_assert: mobile_drawer_edge_swipe_threshold_bound true
case_contains	docs/acceptance-cases/05_ui.md	UI-MOB-002	cli_assert: mobile_drawer_edge_swipe_axis_lock_bound true
case_contains	docs/acceptance-cases/05_ui.md	UI-MOB-002	cli_assert: mobile_drawer_editor_edge_reachable_bound true
case_contains	docs/acceptance-cases/05_ui.md	UI-MOB-002	cli_assert: mobile_drawer_interactive_tap_safety_bound true
case_contains	docs/acceptance-cases/05_ui.md	UI-MOB-002	cli_assert: mobile_drawer_dom_marker_bound true
case_contains	docs/acceptance-cases/05_ui.md	UI-MOB-002	ui_assert: left_drawer_open true
case_contains	docs/acceptance-cases/05_ui.md	UI-MOB-002	ui_assert: left_edge_swipe_active_view "Explorer"
case_contains	docs/acceptance-cases/05_ui.md	UI-MOB-002	ui_assert: right_drawer_open true
case_contains	docs/acceptance-cases/05_ui.md	UI-MOB-002	ui_assert: vertical_and_short_gestures_leave_drawers_closed true
case_contains	docs/acceptance-cases/05_ui.md	UI-MOB-002	ui_assert: edge_button_action_not_replaced_by_drawer true
case_contains	docs/acceptance-cases/05_ui.md	UI-MOB-002	ui_assert: editor_content_and_pending_unchanged true
contains	apps/web/src/components/mobile_layout/gesture.rs	pub(super) fn resolve_swipe_outcome(
contains	apps/web/src/components/mobile_layout/gesture_test.rs	fn mobile_drawer_edge_swipe_opens_left_from_left_edge()
contains	apps/web/src/components/mobile_layout/gesture_test.rs	fn mobile_drawer_edge_swipe_opens_file_tree_instead_of_previous_left_view()
contains	apps/web/src/components/mobile_layout/gesture_test.rs	fn mobile_drawer_edge_swipe_opens_right_from_right_edge()
contains	apps/web/src/components/mobile_layout/gesture_test.rs	fn mobile_drawer_edge_swipe_closes_open_drawers()
contains	apps/web/src/components/mobile_layout/gesture_test.rs	fn mobile_drawer_edge_swipe_ignores_short_drags()
contains	apps/web/src/components/mobile_layout/gesture_test.rs	fn mobile_drawer_edge_swipe_uses_exact_edge_and_distance_boundaries()
contains	apps/web/src/components/mobile_layout/gesture_test.rs	fn mobile_drawer_edge_swipe_ignores_vertical_and_diagonal_drags()
contains	apps/web/src/components/mobile_layout/gesture_test.rs	fn mobile_drawer_edge_swipe_allows_editor_content_start()
contains	apps/web/src/components/mobile_layout/gesture_test.rs	fn mobile_drawer_edge_swipe_rejects_multitouch_start()
contains	apps/web/src/components/mobile_layout/gesture_test.rs	fn mobile_drawer_edge_swipe_touch_cancel_clears_capture()
contains	apps/web/src/components/mobile_layout/gesture_test.rs	fn mobile_drawer_edge_swipe_ignores_interactive_targets()
contains	apps/web/src/components/mobile_layout/gesture_test.rs	fn mobile_drawer_edge_swipe_touch_end_with_remaining_touches_clears_capture()
contains	apps/web/src/components/mobile_layout/drawers/left.rs	data-deve-mobile-drawer="left"
contains	apps/web/src/components/mobile_layout/drawers/right.rs	data-deve-mobile-drawer="right"
contains	apps/web/src/components/mobile_layout/drawers/left.rs	data-deve-mobile-drawer-open=move || open.get().to_string()
contains	apps/web/src/components/mobile_layout/drawers/right.rs	data-deve-mobile-drawer-open=move || open.get().to_string()
contains	docs/acceptance-cases/05_ui.md	case_id: UI-MOB-003
case_contains	docs/acceptance-cases/05_ui.md	UI-MOB-003	run: scripts/check-mobile-baseline.sh
case_contains	docs/acceptance-cases/05_ui.md	UI-MOB-003	ui_query_dom: ".resizer-handle"
case_contains	docs/acceptance-cases/05_ui.md	UI-MOB-003	cli_assert: mobile_resizer_handles_absent true
case_contains	docs/acceptance-cases/05_ui.md	UI-MOB-003	ui_dom_count_eq: 0
contains	apps/web/src/components/desktop_layout/handles.rs	class="resizer-handle
contains	apps/web/src/components/desktop_chat_panel.rs	class="resizer-handle
absent_tree	apps/web/src/components/mobile_layout	resizer-handle
contains	docs/acceptance-cases/05_ui.md	case_id: UI-MOB-004
case_contains	docs/acceptance-cases/05_ui.md	UI-MOB-004	run: scripts/check-mobile-baseline.sh
case_contains	docs/acceptance-cases/05_ui.md	UI-MOB-004	run: cargo test -p deve_web mobile_toolbar_keyboard -- --nocapture
case_contains	docs/acceptance-cases/05_ui.md	UI-MOB-004	ui_focus_editor: true
case_contains	docs/acceptance-cases/05_ui.md	UI-MOB-004	ui_wait_keyboard: true
case_contains	docs/acceptance-cases/05_ui.md	UI-MOB-004	ui_measure: "mobile_toolbar_history_actions"
case_contains	docs/acceptance-cases/05_ui.md	UI-MOB-004	cli_assert: mobile_toolbar_visual_viewport_offset_bound true
case_contains	docs/acceptance-cases/05_ui.md	UI-MOB-004	cli_assert: mobile_toolbar_dom_marker_bound true
case_contains	docs/acceptance-cases/05_ui.md	UI-MOB-004	cli_assert: mobile_toolbar_history_actions_front_bound true
case_contains	docs/acceptance-cases/05_ui.md	UI-MOB-004	ui_assert: toolbar_visible true
case_contains	docs/acceptance-cases/05_ui.md	UI-MOB-004	ui_assert: toolbar_not_overlapped_by_keyboard true
case_contains	docs/acceptance-cases/05_ui.md	UI-MOB-004	ui_assert: same_breakpoint_keyboard_resize_preserves_editor_mount true
case_contains	docs/acceptance-cases/05_ui.md	UI-MOB-004	ui_assert: same_breakpoint_keyboard_resize_does_not_resend_open_doc true
case_contains	docs/acceptance-cases/05_ui.md	UI-MOB-004	ui_assert: mobile_toolbar_history_actions_visible_at_390px true
contains	docs/plan/11_ui_design/03_mobile.md	必须使用 `visualViewport` API 监听键盘高度变化
contains	apps/web/src/components/mobile_layout/effects.rs	visual_viewport_keyboard_offset(
contains	apps/web/src/components/mobile_layout/effects.rs	fn mobile_toolbar_keyboard_offset_uses_visual_viewport_overlap()
contains	apps/web/src/components/mobile_layout/effects.rs	fn mobile_toolbar_keyboard_offset_clamps_to_zero_without_overlap()
contains	apps/web/src/components/mobile_layout/toolbar.rs	data-deve-mobile-toolbar="accessory"
contains	apps/web/src/components/mobile_layout/toolbar.rs	data-deve-keyboard-offset=move || keyboard_offset.get().to_string()
contains	apps/web/src/components/mobile_layout/toolbar.rs	data-deve-mobile-toolbar-history-target=TOOLBAR_HISTORY_TARGET
contains	apps/web/src/components/mobile_layout/toolbar.rs	t::common::indent(locale.get())
contains	apps/web/src/components/mobile_layout/toolbar.rs	fn mobile_toolbar_keyboard_style_places_toolbar_above_keyboard()
contains	apps/web/src/components/mobile_layout/toolbar.rs	fn mobile_toolbar_history_actions_stay_front_loaded_for_390px()
contains	docs/acceptance-cases/05_ui.md	case_id: UI-MOB-005
case_contains	docs/acceptance-cases/05_ui.md	UI-MOB-005	run: scripts/check-mobile-baseline.sh
case_contains	docs/acceptance-cases/05_ui.md	UI-MOB-005	run: cargo test -p deve_web mobile_search_sheet -- --nocapture
case_contains	docs/acceptance-cases/05_ui.md	UI-MOB-005	cli_assert: mobile_search_top_sheet_bound true
case_contains	docs/acceptance-cases/05_ui.md	UI-MOB-005	cli_assert: mobile_search_sheet_swipe_close_bound true
case_contains	docs/acceptance-cases/05_ui.md	UI-MOB-005	cli_assert: mobile_search_sheet_handle_marker_bound true
case_contains	docs/acceptance-cases/05_ui.md	UI-MOB-005	ui_assert: search_sheet_position "top"
case_contains	docs/acceptance-cases/05_ui.md	UI-MOB-005	ui_swipe: "search_sheet_handle" (direction: "up", distance: 90)
case_contains	docs/acceptance-cases/05_ui.md	UI-MOB-005	ui_assert: search_sheet_closed true
contains	docs/plan/11_ui_design/03_mobile.md	点击 Search -> Top Sheet 自上而下展开。
contains	docs/plan/11_ui_design/03_mobile.md	关闭手势以顶部拖拽上滑为主
contains	apps/web/src/components/main_layout_runtime/overlays.rs	SearchUiMode::Sheet
contains	apps/web/src/components/search_box/ui.rs	data-deve-search-sheet-position=move || ui_sheet::sheet_position(ui_mode.get())
absent	apps/web/src/components/search_box/ui.rs	data-deve-search-sheet-open
contains	apps/web/src/components/search_box/ui_sheet/style.rs	data-deve-search-sheet-handle="top"
contains	apps/web/src/components/search_box/ui_sheet/style.rs	SearchUiMode::Overlay => None
contains	apps/web/src/components/search_box/ui_sheet/style.rs	fn mobile_search_sheet_is_positioned_at_top()
contains	apps/web/src/components/search_box/sheet_gesture.rs	pub(super) fn should_close_by_drag(
contains	apps/web/src/components/search_box/sheet_gesture.rs	fn mobile_search_sheet_upward_handle_swipe_closes()
contains	docs/acceptance-cases/05_ui.md	case_id: UI-MOB-006
case_contains	docs/acceptance-cases/05_ui.md	UI-MOB-006	run: scripts/check-mobile-baseline.sh
case_contains	docs/acceptance-cases/05_ui.md	UI-MOB-006	run: cargo test -p deve_web mobile_search_results_scroll -- --nocapture
case_contains	docs/acceptance-cases/05_ui.md	UI-MOB-006	cli_assert: mobile_search_results_scroll_isolated_bound true
case_contains	docs/acceptance-cases/05_ui.md	UI-MOB-006	cli_assert: mobile_search_results_swipe_does_not_close_bound true
case_contains	docs/acceptance-cases/05_ui.md	UI-MOB-006	ui_scroll: "search_results" (delta: 200)
case_contains	docs/acceptance-cases/05_ui.md	UI-MOB-006	ui_swipe: "search_results" (direction: "up", distance: 80)
case_contains	docs/acceptance-cases/05_ui.md	UI-MOB-006	ui_assert: search_sheet_closed false
contains	docs/plan/11_ui_design/03_mobile.md	避免与结果列表滚动冲突
contains	apps/web/src/components/search_box/ui_sections.rs	data-deve-search-results-scroll=move || search_results_scroll_marker(ui_mode.get())
contains	apps/web/src/components/search_box/ui_sections.rs	SearchUiMode::Sheet => Some("isolated")
contains	apps/web/src/components/search_box/ui_sections.rs	SearchUiMode::Overlay => None
contains	apps/web/src/components/search_box/ui_sections.rs	fn mobile_search_results_scroll_marker_is_sheet_only()
contains	apps/web/src/components/search_box/sheet_gesture.rs	pub(super) fn can_start_dismiss_by_zone(
contains	apps/web/src/components/search_box/sheet_gesture.rs	fn mobile_search_results_scroll_does_not_start_dismiss()
contains	apps/web/src/components/search_box/sheet_gesture.rs	fn mobile_search_results_scroll_swipe_cannot_close_sheet()
contains	docs/acceptance-cases/05_ui.md	case_id: UI-MOB-007
case_contains	docs/acceptance-cases/05_ui.md	UI-MOB-007	run: scripts/check-mobile-baseline.sh
case_contains	docs/acceptance-cases/05_ui.md	UI-MOB-007	run: cargo test -p deve_web mobile_bottom_bar_collapsed -- --nocapture
case_contains	docs/acceptance-cases/05_ui.md	UI-MOB-007	连接状态为 Ready
case_contains	docs/acceptance-cases/05_ui.md	UI-MOB-007	ui_query_text: "Branch"
case_contains	docs/acceptance-cases/05_ui.md	UI-MOB-007	ui_query_text: "Ready"
case_contains	docs/acceptance-cases/05_ui.md	UI-MOB-007	ui_query_text: "Words"
case_contains	docs/acceptance-cases/05_ui.md	UI-MOB-007	ui_query_text: "Lines"
case_contains	docs/acceptance-cases/05_ui.md	UI-MOB-007	ui_query_text: "Col"
case_contains	docs/acceptance-cases/05_ui.md	UI-MOB-007	cli_assert: mobile_bottom_bar_collapsed_fields_bound true
case_contains	docs/acceptance-cases/05_ui.md	UI-MOB-007	cli_assert: mobile_bottom_bar_single_line_marker_bound true
case_contains	docs/acceptance-cases/05_ui.md	UI-MOB-007	cli_assert: mobile_bottom_bar_col_placeholder_bound true
case_contains	docs/acceptance-cases/05_ui.md	UI-MOB-007	ui_assert: bottom_bar_collapsed true
case_contains	docs/acceptance-cases/05_ui.md	UI-MOB-007	ui_assert: bottom_bar_single_line true
contains	docs/plan/11_ui_design/03_mobile.md	默认折叠态 **MUST** 仅显示一行：`Branch / Ready / Words / Lines / Col`。
contains	apps/web/src/components/mobile_layout/footer.rs	data-deve-mobile-bottom-bar=move || bottom_bar_state_attrs(read_footer_signal(expanded, false)).0
contains	apps/web/src/components/mobile_layout/footer.rs	data-deve-mobile-bottom-bar-lines=move || bottom_bar_state_attrs(read_footer_signal(expanded, false)).1
contains	apps/web/src/components/mobile_layout/footer.rs	fn mobile_bottom_bar_collapsed_state_is_single_line()
contains	apps/web/src/components/mobile_layout/footer_summary.rs	data-deve-mobile-bottom-bar-row="summary"
contains	apps/web/src/components/mobile_layout/footer_summary.rs	data-deve-mobile-bottom-bar-single-line="true"
contains	apps/web/src/components/mobile_layout/footer_summary.rs	data-deve-mobile-bottom-bar-fields-overflow="clip"
contains	apps/web/src/components/mobile_layout/footer_summary.rs	data-deve-mobile-bottom-bar-field="branch"
contains	apps/web/src/components/mobile_layout/footer_summary.rs	data-deve-mobile-bottom-bar-field="status"
contains	apps/web/src/components/mobile_layout/footer_status.rs	data-deve-sync-status=summary.kind.marker()
contains	apps/web/src/components/mobile_layout/header.rs	data-deve-mobile-header-action="open_left_drawer"
contains	apps/web/src/components/mobile_layout/footer_summary.rs	data-deve-mobile-bottom-bar-field="words"
contains	apps/web/src/components/mobile_layout/footer_summary.rs	data-deve-mobile-bottom-bar-field="lines"
contains	apps/web/src/components/mobile_layout/footer_summary.rs	data-deve-mobile-bottom-bar-field="col"
contains	apps/web/src/components/mobile_layout/footer_summary.rs	data-deve-mobile-bottom-bar-col-source="placeholder"
contains	apps/web/src/components/mobile_layout/footer_summary.rs	fn mobile_bottom_bar_collapsed_fields_fit_without_horizontal_scroll()
contains	apps/web/src/components/mobile_layout/footer_summary.rs	fn mobile_bottom_bar_collapsed_summary_exposes_required_fields()
contains	apps/web/src/i18n/bottom_bar/labels.rs	pub fn branch(locale: Locale) -> &'static str
contains	apps/web/src/i18n/bottom_bar/labels.rs	pub fn col(locale: Locale) -> &'static str
contains	docs/acceptance-cases/05_ui.md	case_id: UI-MOB-008
case_contains	docs/acceptance-cases/05_ui.md	UI-MOB-008	run: scripts/check-mobile-baseline.sh
case_contains	docs/acceptance-cases/05_ui.md	UI-MOB-008	run: cargo test -p deve_web mobile_bottom_bar_expand -- --nocapture
case_contains	docs/acceptance-cases/05_ui.md	UI-MOB-008	ui_click: "bottom_bar_toggle"
case_contains	docs/acceptance-cases/05_ui.md	UI-MOB-008	ui_assert: bottom_bar_expanded true
case_contains	docs/acceptance-cases/05_ui.md	UI-MOB-008	ui_click: "outside_bottom_bar"
case_contains	docs/acceptance-cases/05_ui.md	UI-MOB-008	cli_assert: mobile_bottom_bar_toggle_marker_bound true
case_contains	docs/acceptance-cases/05_ui.md	UI-MOB-008	cli_assert: mobile_bottom_bar_outside_dismiss_marker_bound true
case_contains	docs/acceptance-cases/05_ui.md	UI-MOB-008	cli_assert: mobile_bottom_bar_details_marker_bound true
case_contains	docs/acceptance-cases/05_ui.md	UI-MOB-008	cli_assert: mobile_bottom_bar_expand_state_transition_bound true
case_contains	docs/acceptance-cases/05_ui.md	UI-MOB-008	ui_assert: bottom_bar_collapsed true
contains	docs/plan/11_ui_design/03_mobile.md	通过右侧箭头按钮展开详情；再次点击或点击状态栏外区域自动收起。
contains	apps/web/src/components/mobile_layout/footer.rs	data-deve-mobile-bottom-bar-dismiss="outside_bottom_bar"
contains	apps/web/src/components/mobile_layout/footer.rs	pub(super) fn bottom_bar_after_outside_click(
contains	apps/web/src/components/mobile_layout/footer.rs	fn mobile_bottom_bar_expand_outside_click_collapses()
contains	apps/web/src/components/mobile_layout/footer_summary.rs	data-deve-mobile-bottom-bar-toggle="bottom_bar_toggle"
contains	apps/web/src/components/mobile_layout/footer_summary.rs	pub(super) fn bottom_bar_after_toggle(
contains	apps/web/src/components/mobile_layout/footer_summary.rs	fn mobile_bottom_bar_expand_toggle_flips_state()
contains	apps/web/src/components/mobile_layout/footer_details.rs	data-deve-mobile-bottom-bar-details="expanded"
contains	docs/acceptance-cases/05_ui.md	case_id: UI-MOB-009
case_contains	docs/acceptance-cases/05_ui.md	UI-MOB-009	run: scripts/check-mobile-baseline.sh
case_contains	docs/acceptance-cases/05_ui.md	UI-MOB-009	run: cargo test -p deve_web mobile_touch_targets -- --nocapture
case_contains	docs/acceptance-cases/05_ui.md	UI-MOB-009	ui_measure: "topbar_buttons"
case_contains	docs/acceptance-cases/05_ui.md	UI-MOB-009	ui_open_drawer: "left"
case_contains	docs/acceptance-cases/05_ui.md	UI-MOB-009	ui_measure: "drawer_close_buttons"
case_contains	docs/acceptance-cases/05_ui.md	UI-MOB-009	ui_click: "mobile-more-button"
case_contains	docs/acceptance-cases/05_ui.md	UI-MOB-009	ui_measure: "mobile_more_items"
case_contains	docs/acceptance-cases/05_ui.md	UI-MOB-009	ui_measure: "mobile_more_pin_actions"
case_contains	docs/acceptance-cases/05_ui.md	UI-MOB-009	ui_open_drawer: "right"
case_contains	docs/acceptance-cases/05_ui.md	UI-MOB-009	ui_measure: "outline_toggle"
case_contains	docs/acceptance-cases/05_ui.md	UI-MOB-009	ui_measure: "bottom_bar_toggle"
case_contains	docs/acceptance-cases/05_ui.md	UI-MOB-009	ui_click: "bottom_bar_toggle"
case_contains	docs/acceptance-cases/05_ui.md	UI-MOB-009	ui_click: "outside_bottom_bar"
case_contains	docs/acceptance-cases/05_ui.md	UI-MOB-009	ui_assert: bottom_bar_collapsed true
case_contains	docs/acceptance-cases/05_ui.md	UI-MOB-009	ui_measure: "accessory_toolbar_buttons"
case_contains	docs/acceptance-cases/05_ui.md	UI-MOB-009	ui_measure: "bottom_bar_playback_buttons"
case_contains	docs/acceptance-cases/05_ui.md	UI-MOB-009	ui_focus_editor: true
case_contains	docs/acceptance-cases/05_ui.md	UI-MOB-009	ui_wait_keyboard: true
case_contains	docs/acceptance-cases/05_ui.md	UI-MOB-009	cli_assert: mobile_touch_target_markers_bound true
case_contains	docs/acceptance-cases/05_ui.md	UI-MOB-009	cli_assert: mobile_touch_targets_min_size_bound true
case_contains	docs/acceptance-cases/05_ui.md	UI-MOB-009	cli_assert: mobile_more_touch_target_markers_bound true
case_contains	docs/acceptance-cases/05_ui.md	UI-MOB-009	ui_assert: all_targets_min_size "44x44"
contains	apps/web/src/components/mobile_layout/header.rs	data-deve-mobile-touch-target="topbar_buttons"
contains	apps/web/src/components/mobile_layout/header.rs	fn mobile_touch_targets_topbar_buttons_are_at_least_44px()
contains	apps/web/src/components/mobile_layout/drawers/left/header.rs	data-deve-mobile-touch-target="drawer_close_buttons"
contains	apps/web/src/components/mobile_layout/drawers/left/header.rs	fn mobile_touch_targets_left_drawer_close_button_is_at_least_44px()
contains	apps/web/src/components/mobile_layout/drawers/right.rs	data-deve-mobile-touch-target="drawer_close_buttons"
contains	apps/web/src/components/mobile_layout/drawers/right.rs	fn mobile_touch_targets_right_drawer_close_button_is_at_least_44px()
contains	apps/web/src/components/mobile_layout/outline_button.rs	data-deve-mobile-touch-target="outline_toggle"
contains	apps/web/src/components/mobile_layout/outline_button.rs	fn mobile_touch_targets_outline_toggle_is_at_least_44px()
contains	apps/web/src/components/mobile_layout/footer_summary.rs	data-deve-mobile-touch-target="bottom_bar_toggle"
contains	apps/web/src/components/mobile_layout/footer_summary.rs	fn mobile_touch_targets_bottom_bar_toggle_is_at_least_44px()
contains	apps/web/src/components/mobile_layout/toolbar.rs	data-deve-mobile-touch-target="accessory_toolbar_buttons"
contains	apps/web/src/components/mobile_layout/toolbar.rs	fn mobile_touch_targets_accessory_toolbar_buttons_are_at_least_44px()
contains	apps/web/src/components/mobile_layout/footer_playback.rs	data-deve-mobile-touch-target="bottom_bar_playback_buttons"
contains	apps/web/src/components/mobile_layout/footer_playback.rs	fn mobile_touch_targets_bottom_bar_playback_buttons_are_at_least_44px()
contains	docs/acceptance-cases/05_ui.md	case_id: UI-MOB-010
case_contains	docs/acceptance-cases/05_ui.md	UI-MOB-010	run: scripts/check-mobile-baseline.sh
case_contains	docs/acceptance-cases/05_ui.md	UI-MOB-010	run: cargo test -p deve_web mobile_i18n -- --nocapture
case_contains	docs/acceptance-cases/05_ui.md	UI-MOB-010	cli_assert: mobile_i18n_facade_keys_bound true
case_contains	docs/acceptance-cases/05_ui.md	UI-MOB-010	cli_assert: mobile_layout_hardcoded_copy_absent true
contains	apps/web/src/i18n/header.rs	fn mobile_i18n_header_action_copy_has_facade_keys()
contains	apps/web/src/i18n/sidebar.rs	fn mobile_i18n_sidebar_drawer_copy_has_facade_keys()
contains	apps/web/src/i18n/bottom_bar/tests.rs	fn mobile_i18n_bottom_bar_toggle_copy_has_facade_key()
contains	apps/web/src/components/mobile_layout/header.rs	t::header::file_tree(locale.get())
contains	apps/web/src/components/mobile_layout/header.rs	t::header::home(locale.get())
contains	apps/web/src/components/mobile_layout/header.rs	t::header::open(locale.get())
contains	apps/web/src/components/mobile_layout/header.rs	t::header::command(locale.get())
contains	apps/web/src/components/mobile_layout/outline_button.rs	t::header::toggle_outline(locale.get())
contains	apps/web/src/components/mobile_layout/drawers/left/header.rs	t::sidebar::close_sidebar(locale.get())
contains	apps/web/src/components/mobile_layout/drawers/right.rs	t::sidebar::close_outline(locale.get())
contains	apps/web/src/components/mobile_layout/footer_summary.rs	t::bottom_bar::toggle_status_details(locale.get())
contains	apps/web/src/components/mobile_layout/drawers/right.rs	t::sidebar::outline_unavailable(locale.get())
contains	apps/web/src/components/mobile_layout/drawers/right.rs	t::sidebar::no_headings_found(locale.get())
absent_tree	apps/web/src/components/mobile_layout	"File tree"
absent_tree	apps/web/src/components/mobile_layout	"Home"
absent_tree	apps/web/src/components/mobile_layout	"Open Index"
absent_tree	apps/web/src/components/mobile_layout	"Command Palette"
absent_tree	apps/web/src/components/mobile_layout	"Toggle Outline"
absent_tree	apps/web/src/components/mobile_layout	"Close file tree"
absent_tree	apps/web/src/components/mobile_layout	"Close outline"
absent_tree	apps/web/src/components/mobile_layout	"Toggle status details"
absent_tree	apps/web/src/components/mobile_layout	"Outline unavailable"
absent_tree	apps/web/src/components/mobile_layout	"No headings found"
contains	docs/acceptance-cases/05_ui.md	case_id: UI-MOB-011
case_contains	docs/acceptance-cases/05_ui.md	UI-MOB-011	run: scripts/check-mobile-baseline.sh
case_contains	docs/acceptance-cases/05_ui.md	UI-MOB-011	run: cargo test -p deve_web mobile_chat_page -- --nocapture
case_contains	docs/acceptance-cases/05_ui.md	UI-MOB-011	ui_click: "mobile_chat_chip"
case_contains	docs/acceptance-cases/05_ui.md	UI-MOB-011	ui_assert: chat_page_fullscreen true
case_contains	docs/acceptance-cases/05_ui.md	UI-MOB-011	ui_click: "chat_close_button"
case_contains	docs/acceptance-cases/05_ui.md	UI-MOB-011	cli_assert: mobile_chat_chip_marker_bound true
case_contains	docs/acceptance-cases/05_ui.md	UI-MOB-011	cli_assert: mobile_chat_close_marker_bound true
case_contains	docs/acceptance-cases/05_ui.md	UI-MOB-011	cli_assert: mobile_chat_fullscreen_marker_bound true
case_contains	docs/acceptance-cases/05_ui.md	UI-MOB-011	cli_assert: mobile_chat_page_state_transition_bound true
case_contains	docs/acceptance-cases/05_ui.md	UI-MOB-011	ui_assert: chat_page_fullscreen false
case_contains	docs/acceptance-cases/05_ui.md	UI-MOB-011	ui_assert: editor_visible true
contains	docs/acceptance-cases/13_ui_mobile_chat_regression.md	case_id: UI-MOB-CHAT-REG-001
case_contains	docs/acceptance-cases/13_ui_mobile_chat_regression.md	UI-MOB-CHAT-REG-001	run: scripts/check-mobile-baseline.sh
case_contains	docs/acceptance-cases/13_ui_mobile_chat_regression.md	UI-MOB-CHAT-REG-001	run: cargo test -p deve_web mobile_chat_page -- --nocapture
case_contains	docs/acceptance-cases/13_ui_mobile_chat_regression.md	UI-MOB-CHAT-REG-001	ui_click: "mobile_chat_chip"
case_contains	docs/acceptance-cases/13_ui_mobile_chat_regression.md	UI-MOB-CHAT-REG-001	ui_assert: chat_page_fullscreen true
case_contains	docs/acceptance-cases/13_ui_mobile_chat_regression.md	UI-MOB-CHAT-REG-001	ui_click: "chat_close_button"
case_contains	docs/acceptance-cases/13_ui_mobile_chat_regression.md	UI-MOB-CHAT-REG-001	cli_assert: mobile_chat_chip_marker_bound true
case_contains	docs/acceptance-cases/13_ui_mobile_chat_regression.md	UI-MOB-CHAT-REG-001	cli_assert: mobile_chat_close_marker_bound true
case_contains	docs/acceptance-cases/13_ui_mobile_chat_regression.md	UI-MOB-CHAT-REG-001	cli_assert: mobile_chat_fullscreen_marker_bound true
case_contains	docs/acceptance-cases/13_ui_mobile_chat_regression.md	UI-MOB-CHAT-REG-001	cli_assert: mobile_chat_page_state_transition_bound true
case_contains	docs/acceptance-cases/13_ui_mobile_chat_regression.md	UI-MOB-CHAT-REG-001	ui_assert: chat_page_fullscreen false
case_contains	docs/acceptance-cases/13_ui_mobile_chat_regression.md	UI-MOB-CHAT-REG-001	ui_assert: editor_visible true
contains	apps/web/src/components/mobile_layout/chat_sheet.rs	data-deve-mobile-chat-action="mobile_chat_chip"
contains	apps/web/src/components/mobile_layout/chat_sheet.rs	data-deve-mobile-chat-page=move || mobile_chat_page_mode(expanded.get())
contains	apps/web/src/components/mobile_layout/chat_sheet.rs	data-deve-mobile-chat-fullscreen=move || expanded.get().to_string()
contains	apps/web/src/components/mobile_layout/chat_sheet.rs	set_expanded.set(mobile_chat_after_open())
contains	apps/web/src/components/mobile_layout/chat_sheet.rs	set_expanded.set(mobile_chat_after_close())
contains	apps/web/src/components/mobile_layout/chat_sheet/tests.rs	fn mobile_chat_page_expands_to_fullscreen()
contains	apps/web/src/components/mobile_layout/chat_sheet/tests.rs	fn mobile_chat_page_close_returns_to_editor_surface()
contains	apps/web/src/components/chat/header.rs	data-deve-mobile-chat-action="chat_close_button"
contains	docs/acceptance-cases/05_ui.md	case_id: UI-MOB-012
case_contains	docs/acceptance-cases/05_ui.md	UI-MOB-012	run: scripts/check-mobile-baseline.sh
case_contains	docs/acceptance-cases/05_ui.md	UI-MOB-012	run: cargo test -p deve_web mobile_chat_keyboard -- --nocapture
case_contains	docs/acceptance-cases/05_ui.md	UI-MOB-012	ui_focus: "chat_input"
case_contains	docs/acceptance-cases/05_ui.md	UI-MOB-012	ui_wait_keyboard: true
case_contains	docs/acceptance-cases/05_ui.md	UI-MOB-012	ui_measure: "chat_send_button"
case_contains	docs/acceptance-cases/05_ui.md	UI-MOB-012	cli_assert: mobile_chat_input_marker_bound true
case_contains	docs/acceptance-cases/05_ui.md	UI-MOB-012	cli_assert: mobile_chat_send_button_marker_bound true
case_contains	docs/acceptance-cases/05_ui.md	UI-MOB-012	cli_assert: mobile_chat_keyboard_offset_bound true
case_contains	docs/acceptance-cases/05_ui.md	UI-MOB-012	cli_assert: mobile_chat_bottom_bar_hidden_bound true
case_contains	docs/acceptance-cases/05_ui.md	UI-MOB-012	cli_assert: mobile_chat_input_font_size_bound true
case_contains	docs/acceptance-cases/05_ui.md	UI-MOB-012	ui_assert: chat_input_not_overlapped_by_keyboard true
case_contains	docs/acceptance-cases/05_ui.md	UI-MOB-012	ui_assert: computed_style "chat_input" "font-size" "16px"
case_contains	docs/acceptance-cases/05_ui.md	UI-MOB-012	ui_assert: min_target_size "44x44"
case_contains	docs/acceptance-cases/05_ui.md	UI-MOB-012	ui_assert: bottom_bar_hidden true
contains	docs/acceptance-cases/13_ui_mobile_chat_regression.md	case_id: UI-MOB-CHAT-REG-002
case_contains	docs/acceptance-cases/13_ui_mobile_chat_regression.md	UI-MOB-CHAT-REG-002	run: scripts/check-mobile-baseline.sh
case_contains	docs/acceptance-cases/13_ui_mobile_chat_regression.md	UI-MOB-CHAT-REG-002	run: cargo test -p deve_web mobile_chat_keyboard -- --nocapture
case_contains	docs/acceptance-cases/13_ui_mobile_chat_regression.md	UI-MOB-CHAT-REG-002	ui_focus: "chat_input"
case_contains	docs/acceptance-cases/13_ui_mobile_chat_regression.md	UI-MOB-CHAT-REG-002	ui_wait_keyboard: true
case_contains	docs/acceptance-cases/13_ui_mobile_chat_regression.md	UI-MOB-CHAT-REG-002	ui_measure: "chat_send_button"
case_contains	docs/acceptance-cases/13_ui_mobile_chat_regression.md	UI-MOB-CHAT-REG-002	cli_assert: mobile_chat_input_marker_bound true
case_contains	docs/acceptance-cases/13_ui_mobile_chat_regression.md	UI-MOB-CHAT-REG-002	cli_assert: mobile_chat_send_button_marker_bound true
case_contains	docs/acceptance-cases/13_ui_mobile_chat_regression.md	UI-MOB-CHAT-REG-002	cli_assert: mobile_chat_keyboard_offset_bound true
case_contains	docs/acceptance-cases/13_ui_mobile_chat_regression.md	UI-MOB-CHAT-REG-002	cli_assert: mobile_chat_bottom_bar_hidden_bound true
case_contains	docs/acceptance-cases/13_ui_mobile_chat_regression.md	UI-MOB-CHAT-REG-002	cli_assert: mobile_chat_input_font_size_bound true
case_contains	docs/acceptance-cases/13_ui_mobile_chat_regression.md	UI-MOB-CHAT-REG-002	ui_assert: chat_input_not_overlapped_by_keyboard true
case_contains	docs/acceptance-cases/13_ui_mobile_chat_regression.md	UI-MOB-CHAT-REG-002	ui_assert: computed_style "chat_input" "font-size" "16px"
case_contains	docs/acceptance-cases/13_ui_mobile_chat_regression.md	UI-MOB-CHAT-REG-002	ui_assert: min_target_size "44x44"
case_contains	docs/acceptance-cases/13_ui_mobile_chat_regression.md	UI-MOB-CHAT-REG-002	ui_assert: bottom_bar_hidden true
contains	apps/web/src/components/chat/input_area.rs	data-deve-mobile-chat-input-area=move || mobile_chat_input_area_marker(mobile)
contains	apps/web/src/components/chat/input_area.rs	data-deve-mobile-chat-input=move || mobile_chat_input_marker(mobile)
contains	apps/web/src/components/chat/input_area.rs	style=move || mobile_chat_input_style(mobile)
contains	apps/web/src/components/chat/input_area.rs	data-deve-mobile-chat-action=move || mobile_chat_send_button_marker(mobile)
contains	apps/web/src/components/chat/input_area.rs	data-deve-mobile-touch-target=move || mobile_chat_send_button_marker(mobile)
contains	apps/web/src/components/chat/input_area.rs	fn mobile_chat_keyboard_input_area_uses_safe_area_padding()
contains	apps/web/src/components/chat/input_area.rs	fn mobile_chat_keyboard_send_button_is_at_least_44px()
contains	apps/web/src/components/chat/input_area.rs	fn mobile_chat_keyboard_markers_are_mobile_only()
contains	apps/web/src/components/chat/input_area.rs	fn mobile_chat_keyboard_input_uses_16px_font_size()
contains	apps/web/src/components/mobile_layout/chat_sheet.rs	data-deve-mobile-chat-keyboard-offset=move || keyboard_offset.get().to_string()
contains	apps/web/src/components/mobile_layout/chat_sheet/tests.rs	fn mobile_chat_keyboard_sheet_stays_above_keyboard()
contains	apps/web/src/components/mobile_layout/layout_frame.rs	pub(crate) fn mobile_bottom_bar_visible(
contains	apps/web/src/components/mobile_layout/layout_frame.rs	surface_switcher_open.get()
contains	apps/web/src/components/mobile_layout/layout_frame.rs	should_clear_mobile_source_control_local_notice(
contains	apps/web/src/components/mobile_layout/layout_frame/tests.rs	fn mobile_chat_keyboard_hides_bottom_bar()
contains	apps/web/src/components/mobile_layout/layout_frame/tests.rs	fn mobile_menu_open_clears_stale_source_control_local_command_notice()
contains	docs/acceptance-cases/05_ui.md	case_id: UI-MOB-013
case_contains	docs/acceptance-cases/05_ui.md	UI-MOB-013	run: scripts/check-mobile-baseline.sh
case_contains	docs/acceptance-cases/05_ui.md	UI-MOB-013	run: cargo test -p deve_web mobile_chat_readability -- --nocapture
case_contains	docs/acceptance-cases/05_ui.md	UI-MOB-013	ui_send_chat_text: "long_text_and_code_sample"
case_contains	docs/acceptance-cases/05_ui.md	UI-MOB-013	ui_wait: 500
case_contains	docs/acceptance-cases/05_ui.md	UI-MOB-013	cli_assert: mobile_chat_message_wrap_bound true
case_contains	docs/acceptance-cases/05_ui.md	UI-MOB-013	cli_assert: mobile_chat_code_block_scroll_bound true
case_contains	docs/acceptance-cases/05_ui.md	UI-MOB-013	cli_assert: mobile_chat_timestamp_marker_bound true
case_contains	docs/acceptance-cases/05_ui.md	UI-MOB-013	ui_assert: chat_message_wrap_enabled true
case_contains	docs/acceptance-cases/05_ui.md	UI-MOB-013	ui_assert: chat_code_block_horizontal_scroll true
case_contains	docs/acceptance-cases/05_ui.md	UI-MOB-013	ui_assert: chat_message_timestamp_visible true
contains	docs/acceptance-cases/13_ui_mobile_chat_regression.md	case_id: UI-MOB-CHAT-REG-003
contains	docs/acceptance-cases/13_ui_mobile_chat_regression.md	case_id: UI-MOB-CHAT-REG-004
case_contains	docs/acceptance-cases/13_ui_mobile_chat_regression.md	UI-MOB-CHAT-REG-004	run: scripts/check-mobile-baseline.sh
case_contains	docs/acceptance-cases/13_ui_mobile_chat_regression.md	UI-MOB-CHAT-REG-004	run: cargo test -p deve_web mobile_chat_readability -- --nocapture
case_contains	docs/acceptance-cases/13_ui_mobile_chat_regression.md	UI-MOB-CHAT-REG-004	ui_send_chat_text: "long_text_and_code_sample"
case_contains	docs/acceptance-cases/13_ui_mobile_chat_regression.md	UI-MOB-CHAT-REG-004	ui_wait: 500
case_contains	docs/acceptance-cases/13_ui_mobile_chat_regression.md	UI-MOB-CHAT-REG-004	cli_assert: mobile_chat_message_wrap_bound true
case_contains	docs/acceptance-cases/13_ui_mobile_chat_regression.md	UI-MOB-CHAT-REG-004	cli_assert: mobile_chat_code_block_scroll_bound true
case_contains	docs/acceptance-cases/13_ui_mobile_chat_regression.md	UI-MOB-CHAT-REG-004	cli_assert: mobile_chat_timestamp_marker_bound true
case_contains	docs/acceptance-cases/13_ui_mobile_chat_regression.md	UI-MOB-CHAT-REG-004	ui_assert: chat_message_wrap_enabled true
case_contains	docs/acceptance-cases/13_ui_mobile_chat_regression.md	UI-MOB-CHAT-REG-004	ui_assert: chat_code_block_horizontal_scroll true
case_contains	docs/acceptance-cases/13_ui_mobile_chat_regression.md	UI-MOB-CHAT-REG-004	ui_assert: chat_message_timestamp_visible true
contains	apps/web/src/components/chat/message_item.rs	data-deve-mobile-chat-message=move || mobile_chat_message_marker(mobile)
contains	apps/web/src/components/chat/message_item.rs	data-deve-mobile-chat-wrap=move || mobile_chat_wrap_marker(mobile)
contains	apps/web/src/components/chat/message_item.rs	data-deve-mobile-chat-code-scroll=move || mobile_chat_code_scroll_marker(mobile)
contains	apps/web/src/components/chat/message_item.rs	data-deve-mobile-chat-timestamp=move || mobile_chat_timestamp_marker(mobile)
contains	apps/web/src/components/chat/message_item.rs	fn mobile_chat_readability_bubble_keeps_wide_wrap_surface()
contains	apps/web/src/components/chat/message_item.rs	fn mobile_chat_readability_markdown_wrap_and_code_scroll_are_bound()
contains	apps/web/src/components/chat/message_item.rs	fn mobile_chat_readability_markers_are_mobile_only()
contains	apps/web/style/tailwind.css	.markdown-body
contains	apps/web/style/tailwind.css	overflow-wrap: anywhere;
contains	apps/web/style/_code-block.css	.markdown-code-block pre
contains	apps/web/style/_code-block.css	overflow-x: auto;
contains	docs/acceptance-cases/05_ui.md	case_id: UI-MOB-014
case_contains	docs/acceptance-cases/05_ui.md	UI-MOB-014	run: scripts/check-mobile-baseline.sh
case_contains	docs/acceptance-cases/05_ui.md	UI-MOB-014	run: cargo test -p deve_web mobile_chat_error -- --nocapture
case_contains	docs/acceptance-cases/05_ui.md	UI-MOB-014	ui_send_chat_text: "trigger_error"
case_contains	docs/acceptance-cases/05_ui.md	UI-MOB-014	ui_click: "chat_retry_button"
case_contains	docs/acceptance-cases/05_ui.md	UI-MOB-014	cli_assert: mobile_chat_error_banner_marker_bound true
case_contains	docs/acceptance-cases/05_ui.md	UI-MOB-014	cli_assert: mobile_chat_retry_button_marker_bound true
case_contains	docs/acceptance-cases/05_ui.md	UI-MOB-014	cli_assert: mobile_chat_retry_prompt_bound true
case_contains	docs/acceptance-cases/05_ui.md	UI-MOB-014	ui_assert: chat_error_banner_visible true
case_contains	docs/acceptance-cases/05_ui.md	UI-MOB-014	ui_assert: retry_action_triggered true
case_contains	docs/acceptance-cases/13_ui_mobile_chat_regression.md	UI-MOB-CHAT-REG-003	run: scripts/check-mobile-baseline.sh
case_contains	docs/acceptance-cases/13_ui_mobile_chat_regression.md	UI-MOB-CHAT-REG-003	run: cargo test -p deve_web mobile_chat_error -- --nocapture
case_contains	docs/acceptance-cases/13_ui_mobile_chat_regression.md	UI-MOB-CHAT-REG-003	ui_send_chat_text: "trigger_error"
case_contains	docs/acceptance-cases/13_ui_mobile_chat_regression.md	UI-MOB-CHAT-REG-003	ui_assert: chat_error_banner_visible true
case_contains	docs/acceptance-cases/13_ui_mobile_chat_regression.md	UI-MOB-CHAT-REG-003	ui_click: "chat_retry_button"
case_contains	docs/acceptance-cases/13_ui_mobile_chat_regression.md	UI-MOB-CHAT-REG-003	cli_assert: mobile_chat_error_banner_marker_bound true
case_contains	docs/acceptance-cases/13_ui_mobile_chat_regression.md	UI-MOB-CHAT-REG-003	cli_assert: mobile_chat_retry_button_marker_bound true
case_contains	docs/acceptance-cases/13_ui_mobile_chat_regression.md	UI-MOB-CHAT-REG-003	cli_assert: mobile_chat_retry_prompt_bound true
case_contains	docs/acceptance-cases/13_ui_mobile_chat_regression.md	UI-MOB-CHAT-REG-003	ui_assert: retry_action_triggered true
contains	apps/web/src/components/chat/panel/status.rs	data-deve-chat-error-banner=move || chat_error_banner_marker(error_code.get().is_some())
contains	apps/web/src/components/chat/panel/status.rs	data-deve-chat-action=move || chat_retry_button_marker(error_code.get().is_some())
contains	apps/web/src/components/chat/panel/status.rs	fn mobile_chat_error_banner_marker_is_visible_only_on_error()
contains	apps/web/src/components/chat/panel/status.rs	fn mobile_chat_error_retry_button_marker_is_stable()
contains	apps/web/src/components/chat/panel/status.rs	fn mobile_chat_error_retry_button_is_at_least_44px()
contains	apps/web/src/components/chat/panel/mod.rs	pub(crate) fn chat_retry_prompt(
contains	apps/web/src/components/chat/panel/mod.rs	fn mobile_chat_error_retry_uses_last_prompt()
contains	apps/web/src/components/chat/panel/mod.rs	fn mobile_chat_error_retry_ignores_empty_prompt()
contains	docs/acceptance-cases/05_ui.md	case_id: UI-MOB-015
case_contains	docs/acceptance-cases/05_ui.md	UI-MOB-015	run: scripts/check-mobile-baseline.sh
case_contains	docs/acceptance-cases/05_ui.md	UI-MOB-015	run: cargo test -p deve_web mobile_sidebar -- --nocapture
case_contains	docs/acceptance-cases/05_ui.md	UI-MOB-015	ui_open_drawer: "left"
case_contains	docs/acceptance-cases/05_ui.md	UI-MOB-015	ui_assert: sidebar_icon_tabs_visible true
case_contains	docs/acceptance-cases/05_ui.md	UI-MOB-015	ui_click: "mobile-more-button"
case_contains	docs/acceptance-cases/05_ui.md	UI-MOB-015	ui_assert: more_menu_visible true
case_contains	docs/acceptance-cases/05_ui.md	UI-MOB-015	cli_assert: mobile_sidebar_icon_tabs_marker_bound true
case_contains	docs/acceptance-cases/05_ui.md	UI-MOB-015	cli_assert: mobile_sidebar_tab_markers_bound true
case_contains	docs/acceptance-cases/05_ui.md	UI-MOB-015	cli_assert: mobile_more_button_marker_bound true
case_contains	docs/acceptance-cases/05_ui.md	UI-MOB-015	cli_assert: mobile_more_menu_marker_bound true
case_contains	docs/acceptance-cases/05_ui.md	UI-MOB-015	cli_assert: mobile_more_menu_items_bound true
case_contains	docs/acceptance-cases/05_ui.md	UI-MOB-015	ui_assert: sidebar_icon_count_at_least 1
case_contains	docs/acceptance-cases/05_ui.md	UI-MOB-015	ui_assert: more_menu_has_sidebar_entries true
contains	apps/web/src/components/mobile_layout/drawers/left/tabs.rs	data-deve-mobile-sidebar-icon-tabs=move || mobile_sidebar_icon_tabs_marker(open.get())
contains	apps/web/src/components/mobile_layout/drawers/left/tabs.rs	data-deve-mobile-sidebar-action=mobile_more_button_marker()
contains	apps/web/src/components/mobile_layout/drawers/left/tabs.rs	data-deve-mobile-touch-target=mobile_more_button_marker()
contains	apps/web/src/components/mobile_layout/drawers/left/tabs.rs	fn mobile_sidebar_icon_tabs_marker_is_visible_when_drawer_open()
contains	apps/web/src/components/mobile_layout/drawers/left/tabs.rs	fn mobile_sidebar_more_button_marker_is_stable()
contains	apps/web/src/components/mobile_layout/drawers/left/tabs.rs	fn mobile_sidebar_more_button_is_at_least_44px()
contains	apps/web/src/components/mobile_layout/drawers/left/tabs.rs	fn mobile_sidebar_non_search_tabs_close_command_overlay()
contains	apps/web/src/components/mobile_layout/drawers/left/tabs/tab_button.rs	data-deve-mobile-sidebar-tab=sidebar_tab_marker(view)
contains	apps/web/src/components/mobile_layout/drawers/left/tabs/tab_button.rs	data-deve-mobile-sidebar-tab-active=move || (active_view.get() == view).to_string()
contains	apps/web/src/components/mobile_layout/drawers/left/tabs/tab_button.rs	fn mobile_sidebar_icon_tab_markers_cover_sidebar_entries()
contains	apps/web/src/components/mobile_layout/drawers/left/tabs/tab_button.rs	fn mobile_sidebar_icon_tab_classes_cover_sidebar_entries()
contains	apps/web/src/components/mobile_layout/drawers/left/tabs/more_menu.rs	data-deve-mobile-more-menu=move || mobile_more_menu_marker(show_more.get())
contains	apps/web/src/components/mobile_layout/drawers/left/tabs/more_menu.rs	data-deve-mobile-more-item=mobile_more_item_marker(item)
contains	apps/web/src/components/mobile_layout/drawers/left/tabs/more_menu.rs	data-deve-mobile-touch-target=mobile_more_item_touch_target()
contains	apps/web/src/components/mobile_layout/drawers/left/tabs/more_menu.rs	data-deve-mobile-more-pin-action=mobile_more_pin_action_marker(item)
contains	apps/web/src/components/mobile_layout/drawers/left/tabs/more_menu.rs	data-deve-mobile-touch-target=mobile_more_pin_touch_target()
contains	apps/web/src/components/mobile_layout/drawers/left/tabs/more_menu/tests.rs	fn mobile_sidebar_more_menu_marker_is_visible_when_open()
contains	apps/web/src/components/mobile_layout/drawers/left/tabs/more_menu/tests.rs	fn mobile_sidebar_more_menu_items_cover_sidebar_entries()
contains	apps/web/src/components/mobile_layout/drawers/left/tabs/more_menu/tests.rs	fn mobile_sidebar_more_menu_reuses_desktop_entry_classes()
contains	apps/web/src/components/mobile_layout/drawers/left/tabs/more_menu/tests.rs	fn mobile_sidebar_more_mobile_touch_targets_are_at_least_44px()
contains	apps/web/src/components/mobile_layout/drawers/left/tabs/more_menu/tests.rs	fn mobile_sidebar_more_mobile_touch_targets_markers_are_stable()
contains	docs/acceptance-cases/05_ui.md	case_id: UI-MOB-016
case_contains	docs/acceptance-cases/05_ui.md	UI-MOB-016	run: scripts/check-mobile-baseline.sh
case_contains	docs/acceptance-cases/05_ui.md	UI-MOB-016	run: cargo test -p deve_web mobile_sidebar_more -- --nocapture
case_contains	docs/acceptance-cases/05_ui.md	UI-MOB-016	ui_click: "mobile-more-button"
case_contains	docs/acceptance-cases/05_ui.md	UI-MOB-016	ui_click: "more_menu_item_explorer"
case_contains	docs/acceptance-cases/05_ui.md	UI-MOB-016	ui_assert: more_menu_visible false
case_contains	docs/acceptance-cases/05_ui.md	UI-MOB-016	ui_click: "more_menu_pin_search"
case_contains	docs/acceptance-cases/05_ui.md	UI-MOB-016	ui_assert: pinned_state_updated true
case_contains	docs/acceptance-cases/05_ui.md	UI-MOB-016	ui_assert: more_menu_visible true
case_contains	docs/acceptance-cases/05_ui.md	UI-MOB-016	ui_press_key: "Escape"
case_contains	docs/acceptance-cases/05_ui.md	UI-MOB-016	cli_assert: mobile_more_item_close_bound true
case_contains	docs/acceptance-cases/05_ui.md	UI-MOB-016	cli_assert: mobile_more_escape_close_bound true
case_contains	docs/acceptance-cases/05_ui.md	UI-MOB-016	cli_assert: mobile_more_pin_action_marker_bound true
case_contains	docs/acceptance-cases/05_ui.md	UI-MOB-016	cli_assert: mobile_more_pin_toggle_bound true
case_contains	docs/acceptance-cases/05_ui.md	UI-MOB-016	cli_assert: mobile_more_pin_keeps_menu_open_bound true
contains	apps/web/src/components/mobile_layout/drawers/left/tabs/more_menu.rs	pub(super) fn mobile_more_after_item_click() -> bool
contains	apps/web/src/components/mobile_layout/drawers/left/tabs/more_menu.rs	pub(super) fn mobile_more_after_escape() -> bool
contains	apps/web/src/components/mobile_layout/drawers/left/tabs/more_menu.rs	pub(super) fn mobile_more_after_pin_click(open: bool) -> bool
contains	apps/web/src/components/mobile_layout/drawers/left/tabs/more_menu.rs	pub(super) fn toggle_mobile_more_pin(
contains	apps/web/src/components/mobile_layout/drawers/left/tabs/more_menu/tests.rs	fn mobile_sidebar_more_pin_actions_cover_sidebar_entries()
contains	apps/web/src/components/mobile_layout/drawers/left/tabs/more_menu/tests.rs	fn mobile_sidebar_more_item_click_closes_menu()
contains	apps/web/src/components/mobile_layout/drawers/left/tabs/more_menu/tests.rs	fn mobile_sidebar_more_escape_closes_menu()
contains	apps/web/src/components/mobile_layout/drawers/left/tabs/more_menu/tests.rs	fn mobile_sidebar_more_pin_click_keeps_menu_state()
contains	apps/web/src/components/mobile_layout/drawers/left/tabs/more_menu/tests.rs	fn mobile_sidebar_more_pin_toggle_adds_unpinned_view()
contains	apps/web/src/components/mobile_layout/drawers/left/tabs/more_menu/tests.rs	fn mobile_sidebar_more_pin_toggle_removes_pinned_view_when_not_last()
contains	apps/web/src/components/mobile_layout/drawers/left/tabs/more_menu/tests.rs	fn mobile_sidebar_more_pin_toggle_keeps_last_view_pinned()
contains	docs/acceptance-cases/05_ui.md	case_id: UI-MOB-017
case_contains	docs/acceptance-cases/05_ui.md	UI-MOB-017	run: scripts/check-mobile-baseline.sh
case_contains	docs/acceptance-cases/05_ui.md	UI-MOB-017	run: cargo test -p deve_web mobile_diff -- --nocapture
case_contains	docs/acceptance-cases/05_ui.md	UI-MOB-017	ui_assert: element_visible ".diff-view-mobile"
case_contains	docs/acceptance-cases/05_ui.md	UI-MOB-017	cli_assert: mobile_diff_view_marker_bound true
case_contains	docs/acceptance-cases/05_ui.md	UI-MOB-017	cli_assert: mobile_diff_hides_chat_chip_bound true
case_contains	docs/acceptance-cases/05_ui.md	UI-MOB-017	cli_assert: mobile_diff_hides_accessory_toolbar_bound true
case_contains	docs/acceptance-cases/05_ui.md	UI-MOB-017	ui_assert: mobile_chat_chip_visible false
case_contains	docs/acceptance-cases/05_ui.md	UI-MOB-017	ui_assert: mobile_accessory_toolbar_visible false
contains	docs/plan/11_ui_design/03_mobile.md	移动端 Diff **MUST** 使用 Unified View，并避免 AI Chat、辅助键盘栏或抽屉层级遮挡 diff 操作。
contains	apps/web/src/components/diff_view/mod.rs	pub(crate) fn diff_view_class(mobile: bool) -> &'static str
contains	apps/web/src/components/diff_view/mod.rs	fn mobile_diff_uses_mobile_dom_marker()
contains	apps/web/src/components/mobile_layout/chat_sheet/tests.rs	fn mobile_diff_hides_chat_chip_and_expanded_chat()
contains	apps/web/src/components/mobile_layout/layout_frame.rs	pub(crate) fn mobile_accessory_toolbar_visible(
contains	apps/web/src/components/mobile_layout/layout_frame.rs	mobile_accessory_toolbar_visible(
contains	apps/web/src/components/mobile_layout/layout_frame/tests.rs	fn mobile_diff_hides_accessory_toolbar()
contains	apps/web/src/components/mobile_layout/layout_frame/tests.rs	fn mobile_diff_keeps_accessory_toolbar_gate_strict()
contains	docs/acceptance-cases/05_ui.md	case_id: UI-MOB-018
case_contains	docs/acceptance-cases/05_ui.md	UI-MOB-018	run: scripts/check-mobile-baseline.sh
case_contains	docs/acceptance-cases/05_ui.md	UI-MOB-018	run: cargo test -p deve_web mobile_diff_close -- --nocapture
case_contains	docs/acceptance-cases/05_ui.md	UI-MOB-018	ui_click: ".diff-close-button"
case_contains	docs/acceptance-cases/05_ui.md	UI-MOB-018	cli_assert: mobile_diff_close_button_marker_bound true
case_contains	docs/acceptance-cases/05_ui.md	UI-MOB-018	cli_assert: mobile_diff_close_returns_editor_bound true
case_contains	docs/acceptance-cases/05_ui.md	UI-MOB-018	ui_assert: element_visible ".diff-view-mobile" false
case_contains	docs/acceptance-cases/05_ui.md	UI-MOB-018	ui_assert: editor_visible true
contains	apps/web/src/components/diff_view/mod.rs	data-deve-mobile-diff-action="diff-close-button"
contains	apps/web/src/components/diff_view/mod.rs	fn mobile_diff_uses_mobile_dom_marker()
contains	apps/web/src/components/diff_view/mod.rs	fn mobile_diff_close_button_is_touch_safe()
contains	apps/web/src/components/mobile_layout/content.rs	pub(crate) enum MobileContentSurface
contains	apps/web/src/components/mobile_layout/content.rs	pub(crate) fn mobile_content_surface_after_diff_close(
contains	apps/web/src/components/mobile_layout/content.rs	fn mobile_diff_close_returns_to_editor_surface()
contains	apps/web/src/components/mobile_layout/content.rs	fn mobile_diff_close_without_current_doc_returns_dashboard()
contains	apps/web/src/components/mobile_layout/content.rs	fn mobile_diff_close_respects_pending_switch_gates()
contains	docs/acceptance-cases/05_ui.md	case_id: UI-MOB-019
case_contains	docs/acceptance-cases/05_ui.md	UI-MOB-019	run: scripts/check-mobile-baseline.sh
case_contains	docs/acceptance-cases/05_ui.md	UI-MOB-019	run: cargo test -p deve_web mobile_toolbar_write_gate -- --nocapture
case_contains	docs/acceptance-cases/05_ui.md	UI-MOB-019	ui_focus_editor: true
case_contains	docs/acceptance-cases/05_ui.md	UI-MOB-019	ui_wait_keyboard: true
case_contains	docs/acceptance-cases/05_ui.md	UI-MOB-019	cli_assert: mobile_toolbar_uses_repo_write_gate true
case_contains	docs/acceptance-cases/05_ui.md	UI-MOB-019	cli_assert: mobile_toolbar_actions_guarded true
case_contains	docs/acceptance-cases/05_ui.md	UI-MOB-019	ui_assert: accessory_toolbar_buttons_disabled_when_write_blocked true
case_contains	docs/acceptance-cases/05_ui.md	UI-MOB-019	ui_assert: mobile_undo_disabled_when_write_blocked true
case_contains	docs/acceptance-cases/05_ui.md	UI-MOB-019	ui_assert: mobile_redo_disabled_when_write_blocked true
contains	docs/features/08_ui_design_03_mobile.md	移动辅助键盘栏必须服从完整 repo write gate
contains	docs/features/08_ui_design_03_mobile.md	撤销或重做
contains	docs/plan/11_ui_design/03_mobile.md	| `↩` Undo | `↪` Redo |
contains	docs/plan/11_ui_design/03_mobile.md	390px 宽度下无需横向滚动即可看到
contains	apps/web/src/components/mobile_layout/layout_frame.rs	repo_write_block_tracked
contains	apps/web/src/components/mobile_layout/layout_frame.rs	RepoWriteSignals
contains	apps/web/src/components/mobile_layout/toolbar.rs	pub(super) fn mobile_toolbar_action_enabled(readonly: bool) -> bool
contains	apps/web/src/components/mobile_layout/toolbar.rs	fn run_mobile_toolbar_action(readonly: Signal<bool>, action: impl FnOnce())
contains	apps/web/src/components/mobile_layout/toolbar.rs	run_mobile_toolbar_action(readonly, ffi::mobile_undo)
contains	apps/web/src/components/mobile_layout/toolbar.rs	run_mobile_toolbar_action(readonly, ffi::mobile_redo)
contains	apps/web/src/components/mobile_layout/toolbar.rs	data-deve-mobile-history-action=mobile_toolbar_history_actions_front_order()[0]
contains	apps/web/src/components/mobile_layout/toolbar.rs	data-deve-mobile-history-action=mobile_toolbar_history_actions_front_order()[1]
contains	apps/web/src/components/mobile_layout/toolbar.rs	fn mobile_toolbar_write_gate_blocks_actions()
contains	apps/web/js/editor_adapter.js	if (view.state?.readOnly) return false;
contains	apps/web/js/editor_adapter.js	registerBrowserBridgeGlobal("mobileRedo"
contains	apps/web/js/index_bootstrap.js	registerEditorBridgeGlobal("mobileRedo"
absent	apps/web/index.html	window._debug_view
contains	apps/web/src/editor/ffi.rs	pub fn mobile_undo() {
contains	apps/web/src/editor/ffi.rs	pub fn mobile_redo() {
contains	apps/web/src/editor/ffi.rs	bridge_call0("mobileUndo")
contains	apps/web/src/editor/ffi.rs	bridge_call0("mobileRedo")
contains	apps/web/src/i18n/common.rs	pub fn redo(locale: Locale) -> &'static str
contains	docs/acceptance-cases/05_ui.md	case_id: UI-MOB-023
case_contains	docs/acceptance-cases/05_ui.md	UI-MOB-023	run: scripts/check-mobile-baseline.sh
case_contains	docs/acceptance-cases/05_ui.md	UI-MOB-023	run: cargo test -p deve_web mobile_source_control_read_gate -- --nocapture
case_contains	docs/acceptance-cases/05_ui.md	UI-MOB-023	cli_assert: mobile_source_control_uses_read_gate true
case_contains	docs/acceptance-cases/05_ui.md	UI-MOB-023	cli_assert: mobile_source_control_does_not_require_write_gate true
case_contains	docs/acceptance-cases/05_ui.md	UI-MOB-023	cli_assert: mobile_source_control_touch_targets_min_size_bound true
case_contains	docs/acceptance-cases/05_ui.md	UI-MOB-023	ui_assert: source_control_git_status_cli_notice_visible false
case_contains	docs/acceptance-cases/05_ui.md	UI-MOB-023	cli_assert: mobile_source_control_external_groups_absent true
case_contains	docs/acceptance-cases/05_ui.md	UI-MOB-023	ui_assert: source_control_commit_controls_confirmed_rows_and_actions_min_size "44x44"
contains	docs/plan/11_ui_design/03_mobile.md	Source Control tab **MUST** 复用共享 Source Control read surface 与 read gate
contains	docs/features/08_ui_design_03_mobile.md	移动端 Source Control 必须显示与桌面相同的 Source Control read surface
contains	docs/acceptance-cases/05_ui.md	case_id: UI-MOB-024
case_contains	docs/acceptance-cases/05_ui.md	UI-MOB-024	run: scripts/check-mobile-baseline.sh
case_contains	docs/acceptance-cases/05_ui.md	UI-MOB-024	run: cargo test -p deve_web mobile_external_changes -- --nocapture
case_contains	docs/acceptance-cases/05_ui.md	UI-MOB-024	cli_assert: mobile_external_changes_entry_visible true
case_contains	docs/acceptance-cases/05_ui.md	UI-MOB-024	cli_assert: mobile_external_changes_touch_targets_min_size_bound true
case_contains	docs/acceptance-cases/05_ui.md	UI-MOB-024	ui_assert: external_changes_history_graph_absent true
case_contains	docs/acceptance-cases/05_ui.md	UI-MOB-024	ui_assert: external_changes_apply_label_not_commit true
case_contains	docs/acceptance-cases/05_ui.md	UI-MOB-024	ui_assert: mobile_external_changes_row_actions_visible_without_hover true
case_contains	docs/acceptance-cases/05_ui.md	UI-MOB-024	ui_assert: external_changes_rows_and_actions_min_size "44x44"
contains	apps/web/src/components/sidebar/external_changes/row.rs	data-deve-mobile-touch-target="external-changes-action"
contains	apps/web/src/components/sidebar/external_changes/section.rs	data-deve-mobile-touch-target="external-changes-section-header"
contains	apps/web/src/components/mobile_layout/drawers/left/tabs/tab_button.rs	SidebarView::ExternalChanges
contains	apps/web/src/components/sidebar/source_control/changes.rs	fn mobile_source_control_read_gate_allows_readonly_refresh()
contains	apps/web/src/components/sidebar/source_control/changes_panel.rs	fn mobile_source_control_read_gate_renders_panel()
contains	apps/web/src/components/sidebar/source_control/touch_target.rs	fn mobile_source_control_read_gate_touch_targets_min_size_bound()
contains	apps/web/src/components/sidebar/source_control/touch_target.rs	fn mobile_source_control_commit_touch_targets_min_size_bound()
contains	apps/web/src/components/sidebar/source_control/touch_target.rs	fn mobile_source_control_header_menu_trigger_is_at_least_44px()
contains	apps/web/src/components/sidebar/source_control/touch_target.rs	fn mobile_source_control_secondary_panel_toggles_are_at_least_44px()
contains	apps/web/src/components/sidebar/source_control/header.rs	data-deve-mobile-touch-target="source_control_header_menu"
contains	apps/web/src/components/sidebar/source_control/repositories.rs	data-deve-mobile-touch-target="source_control_secondary_panel_toggle"
contains	apps/web/src/components/sidebar/source_control/history.rs	data-deve-mobile-touch-target="source_control_secondary_panel_toggle"
contains	apps/web/src/components/sidebar/source_control/graph_panel.rs	data-deve-mobile-touch-target="source_control_secondary_panel_toggle"
contains	apps/web/src/components/sidebar/source_control/change_item_actions.rs	source-control-confirmed-open-diff-action
contains	apps/web/src/components/sidebar/source_control/mod.rs	fn mobile_source_control_view_clears_suppressed_local_command_notice()
contains	apps/web/src/components/mobile_layout/source_control_notice.rs	is_local_command_notice
contains	apps/web/src/components/mobile_layout/source_control_notice.rs	fn mobile_source_control_read_gate_plain_entry_clears_local_command_notice()
contains	apps/web/src/components/mobile_layout/source_control_notice.rs	fn mobile_source_control_read_gate_active_surface_observes_notice_changes()
contains	apps/web/src/components/mobile_layout/source_control_notice.rs	fn mobile_source_control_read_gate_drawer_activation_clears_stale_local_command_notice()
contains	apps/web/src/components/mobile_layout/drawers/left.rs	clear_mobile_source_control_notice_for_drawer(
contains	apps/web/src/components/mobile_layout/mod.rs	clear_mobile_source_control_notice_for_view(
contains	apps/web/src/components/mobile_layout/mod.rs	clear_mobile_source_control_notice_for_active_view(
contains	docs/acceptance-cases/17_mobile_surface_switcher.md	case_id: UI-MOB-021
case_contains	docs/acceptance-cases/17_mobile_surface_switcher.md	UI-MOB-021	run: scripts/check-mobile-baseline.sh
case_contains	docs/acceptance-cases/17_mobile_surface_switcher.md	UI-MOB-021	run: cargo test -p deve_web mobile_surface -- --nocapture
case_contains	docs/acceptance-cases/17_mobile_surface_switcher.md	UI-MOB-021	ui_measure: "surface_switcher"
case_contains	docs/acceptance-cases/17_mobile_surface_switcher.md	UI-MOB-021	ui_assert: mobile_surface_type_label_visible true
case_contains	docs/acceptance-cases/17_mobile_surface_switcher.md	UI-MOB-021	ui_click: "open_switcher"
case_contains	docs/acceptance-cases/17_mobile_surface_switcher.md	UI-MOB-021	ui_assert: mobile_surface_sheet_visible true
case_contains	docs/acceptance-cases/17_mobile_surface_switcher.md	UI-MOB-021	ui_measure: "mobile_surface_rows"
case_contains	docs/acceptance-cases/17_mobile_surface_switcher.md	UI-MOB-021	ui_measure: "mobile_surface_close_buttons"
case_contains	docs/acceptance-cases/17_mobile_surface_switcher.md	UI-MOB-021	ui_open_drawer: "left"
case_contains	docs/acceptance-cases/17_mobile_surface_switcher.md	UI-MOB-021	ui_click: "drawer_close_buttons"
case_contains	docs/acceptance-cases/17_mobile_surface_switcher.md	UI-MOB-021	ui_click: "close_sheet"
case_contains	docs/acceptance-cases/17_mobile_surface_switcher.md	UI-MOB-021	ui_assert: mobile_surface_sheet_visible false
case_contains	docs/acceptance-cases/17_mobile_surface_switcher.md	UI-MOB-021	ui_focus: "open_switcher"
case_contains	docs/acceptance-cases/17_mobile_surface_switcher.md	UI-MOB-021	ui_keypress: "Enter"
case_contains	docs/acceptance-cases/17_mobile_surface_switcher.md	UI-MOB-021	ui_click: "mobile_surface_document_row"
case_contains	docs/acceptance-cases/17_mobile_surface_switcher.md	UI-MOB-021	ui_assert: editor_visible true
case_contains	docs/acceptance-cases/17_mobile_surface_switcher.md	UI-MOB-021	ui_click: "mobile_surface_diff_row"
case_contains	docs/acceptance-cases/17_mobile_surface_switcher.md	UI-MOB-021	ui_assert: mobile_diff_mode "unified"
case_contains	docs/acceptance-cases/17_mobile_surface_switcher.md	UI-MOB-021	ui_click: "close_diff"
case_contains	docs/acceptance-cases/17_mobile_surface_switcher.md	UI-MOB-021	cli_assert: mobile_surface_switcher_marker_bound true
case_contains	docs/acceptance-cases/17_mobile_surface_switcher.md	UI-MOB-021	cli_assert: mobile_surface_type_label_marker_bound true
case_contains	docs/acceptance-cases/17_mobile_surface_switcher.md	UI-MOB-021	cli_assert: mobile_surface_sheet_marker_bound true
case_contains	docs/acceptance-cases/17_mobile_surface_switcher.md	UI-MOB-021	cli_assert: mobile_surface_runtime_transition_close_bound true
case_contains	docs/acceptance-cases/17_mobile_surface_switcher.md	UI-MOB-021	cli_assert: editor_tab_runtime_resets_on_branch_scope_change true
case_contains	docs/acceptance-cases/17_mobile_surface_switcher.md	UI-MOB-021	cli_assert: mobile_surface_drawer_close_bound true
case_contains	docs/acceptance-cases/17_mobile_surface_switcher.md	UI-MOB-021	cli_assert: mobile_surface_switcher_keyboard_toggle_bound true
case_contains	docs/acceptance-cases/17_mobile_surface_switcher.md	UI-MOB-021	cli_assert: mobile_surface_dialog_focus_scope_bound true
case_contains	docs/acceptance-cases/17_mobile_surface_switcher.md	UI-MOB-021	cli_assert: mobile_surface_touch_targets_min_size_bound true
case_contains	docs/acceptance-cases/17_mobile_surface_switcher.md	UI-MOB-021	cli_assert: mobile_surface_diff_restore_bound true
case_contains	docs/acceptance-cases/17_mobile_surface_switcher.md	UI-MOB-021	cli_assert: mobile_surface_close_diff_keeps_source_control_state true
case_contains	docs/acceptance-cases/17_mobile_surface_switcher.md	UI-MOB-021	ui_assert: staged_pending_commit_state_unchanged true
contains	docs/plan/11_ui_design/03_mobile.md	Mobile Surface Switcher {#mobile-surface-switcher}
contains	docs/plan/11_ui_design/03_mobile.md	docs/acceptance-cases/17_mobile_surface_switcher.md
contains	docs/plan/11_ui_design/03_mobile.md	顶部当前 surface 胶囊 **MUST** 位于 sync banner 与 content stack 之间
contains	docs/features/08_ui_design_03_mobile.md	顶部当前 surface 胶囊应显示当前文档或差异
contains	apps/web/src/components/editor_tabs.rs	11_ui_design/03_mobile#mobile-surface-switcher
contains	apps/web/src/components/editor_tabs/policy.rs	pub(crate) fn editor_tab_runtime_scope(
contains	apps/web/src/components/editor_tabs/policy.rs	pub(crate) fn scope_changed(
contains	apps/web/src/components/editor_tabs/policy.rs	pub(crate) fn active_editor_tab_key(
contains	apps/web/src/components/editor_tabs/tests/runtime_policy.rs	fn editor_tab_runtime_resets_on_repo_branch_or_scope_change()
contains	apps/web/src/components/editor_tabs/tests/runtime_policy.rs	PeerId::new("peer-a")
contains	apps/web/src/components/editor_tabs/tests/runtime_policy.rs	fn editor_tab_runtime_prefers_active_diff_over_document()
contains	apps/web/src/components/mobile_layout/surface_switcher.rs	data-deve-mobile-surface-switcher="summary"
contains	apps/web/src/components/mobile_layout/surface_switcher.rs	data-deve-mobile-surface-sheet="open"
contains	apps/web/src/components/mobile_layout/surface_switcher.rs	aria-modal="true"
contains	apps/web/src/components/mobile_layout/surface_switcher.rs	handle_focus_trap_keydown
contains	apps/web/src/components/mobile_layout/surface_switcher.rs	attach_modal_focus_restore_effect_with_fallback
contains	apps/web/src/components/mobile_layout/surface_switcher.rs	node_ref=trigger_ref
contains	apps/web/src/components/mobile_layout/surface_switcher.rs	data-deve-mobile-touch-target=mobile_surface_switcher_touch_target()
contains	apps/web/src/components/mobile_layout/surface_switcher.rs	data-deve-mobile-surface-type-label=mobile_surface_type_label_marker()
contains	apps/web/src/components/mobile_layout/surface_switcher.rs	data-deve-mobile-touch-target=mobile_surface_close_touch_target()
contains	apps/web/src/components/mobile_layout/surface_switcher.rs	class=mobile_surface_close_button_class()
contains	apps/web/src/components/mobile_layout/surface_switcher/rows.rs	data-deve-mobile-surface-action="mobile_surface_document_row"
contains	apps/web/src/components/mobile_layout/surface_switcher/rows.rs	data-deve-mobile-surface-action="mobile_surface_diff_row"
contains	apps/web/src/components/mobile_layout/surface_switcher/rows.rs	data-deve-mobile-touch-target=mobile_surface_row_touch_target()
contains	apps/web/src/components/mobile_layout/surface_switcher/rows.rs	data-deve-mobile-touch-target=mobile_surface_close_touch_target()
contains	apps/web/src/components/mobile_layout/surface_switcher/rows.rs	data-deve-mobile-surface-row="document"
contains	apps/web/src/components/mobile_layout/surface_switcher/rows.rs	data-deve-mobile-surface-row="diff"
contains	apps/web/src/components/mobile_layout/surface_switcher/model.rs	fn mobile_surface_summary_prefers_active_diff()
contains	apps/web/src/components/mobile_layout/surface_switcher/model.rs	fn mobile_surface_sheet_gate_closes_for_drawer_or_empty_tabs()
contains	apps/web/src/components/mobile_layout/surface_switcher/model.rs	fn mobile_surface_switcher_toggle_respects_sheet_gate()
contains	apps/web/src/components/mobile_layout/surface_switcher/model.rs	fn mobile_surface_touch_targets_are_at_least_44px()
contains	apps/web/src/components/mobile_layout/surface_switcher/model.rs	fn mobile_surface_close_buttons_are_at_least_44px()
contains	apps/web/src/components/mobile_layout/surface_switcher/model.rs	fn mobile_surface_touch_target_markers_are_stable()
contains	apps/web/src/components/mobile_layout/surface_switcher/model.rs	fn mobile_surface_badge_text_shows_surface_type_and_count()
contains	apps/web/src/components/mobile_layout/surface_switcher/model.rs	fn mobile_surface_badge_text_uses_tabs_page_copy_in_zh()
contains	apps/web/src/components/editor_tabs/tests/diff_ops.rs	fn mobile_surface_close_diff_keeps_source_control_state()
contains	apps/web/src/components/mobile_layout/surface_runtime.rs	pub(super) fn collapse_surface_switcher_on_runtime_transition(
contains	apps/web/src/components/mobile_layout/surface_runtime.rs	fn mobile_surface_switcher_closes_for_runtime_scope_transitions()
contains	apps/web/src/components/mobile_layout/surface_runtime.rs	fn mobile_surface_switcher_closes_for_pending_branch_or_repo_switch()
contains	apps/web/src/components/mobile_layout/layout_frame.rs	11_ui_design/03_mobile#mobile-surface-switcher
contains	apps/web/src/components/mobile_layout/layout_frame.rs	surface_switcher_open
contains	apps/web/src/components/mobile_layout/layout_frame/tests.rs	fn mobile_surface_switcher_hides_bottom_bar()
contains	apps/web/src/components/mobile_layout/chat_sheet/tests.rs	fn mobile_surface_switcher_hides_chat_sheet()
contains	apps/web/style/_base.css	.cm-content
contains	apps/web/style/_base.css	font-size: 16px;
contains	docs/plan/11_ui_design/03_mobile.md	**Font Size**: 默认字号 **SHOULD** 设为 `16px`
contains	docs/plan/11_ui_design/03_mobile.md	Font Size：移动端编辑器默认字号 **SHOULD** 设为 `16px` 或更高
case_contains	docs/acceptance-cases/05_ui.md	UI-MOB-020	run: scripts/check-mobile-baseline.sh
case_contains	docs/acceptance-cases/05_ui.md	UI-MOB-020	cli_assert: mobile_editor_font_size_16px true
case_contains	docs/acceptance-cases/05_ui.md	UI-MOB-022	run: cargo test -p deve_mobile --features native-packaging mobile_embedded_backend_supervisor -- --nocapture
case_contains	docs/acceptance-cases/05_ui.md	UI-MOB-022	run: cargo test -p deve_mobile --features native-packaging stale_resume -- --nocapture
case_contains	docs/acceptance-cases/05_ui.md	UI-MOB-022	run: cargo test -p deve_mobile --features native-packaging lifecycle_fault_injection -- --nocapture
case_contains	docs/acceptance-cases/05_ui.md	UI-MOB-022	run: cargo test -p deve_mobile --features native-packaging failed_transport_retirement -- --nocapture
case_contains	docs/acceptance-cases/05_ui.md	UI-MOB-022	run: cargo test -p deve_cli native_loopback_graceful_shutdown -- --nocapture
case_contains	docs/acceptance-cases/05_ui.md	UI-MOB-022	run: cargo test -p deve_web foreground_reprobe -- --nocapture
case_contains	docs/acceptance-cases/05_ui.md	UI-MOB-022	run: cargo test -p deve_web native_resume_requests_dynamic_endpoint_rebind_without_old_endpoint_probe -- --nocapture
case_contains	docs/acceptance-cases/05_ui.md	UI-MOB-022	run: cargo test -p deve_cli --test native_embedded_runtime_restart_test -- --nocapture
case_contains	docs/acceptance-cases/05_ui.md	UI-MOB-022	run: cargo test -p deve_cli edit_rejects_stale_message_scope_at_writer_gate -- --nocapture
case_contains	docs/acceptance-cases/05_ui.md	UI-MOB-022	run: scripts/smoke-mobile-android-lifecycle.sh
case_contains	docs/acceptance-cases/05_ui.md	UI-MOB-022	run: node --test scripts/android-target-capability.test.mjs
case_contains	docs/acceptance-cases/05_ui.md	UI-MOB-022	run: DEVE_MOBILE_ANDROID_EXPECT_WRITABLE=0 scripts/smoke-mobile-android-lifecycle.sh
case_contains	docs/acceptance-cases/05_ui.md	UI-MOB-022	native_assert: android_native_session_cookie_uses_confirmed_system_cookie_manager_handoff true
case_contains	docs/acceptance-cases/05_ui.md	UI-MOB-022	ui_assert: android_missing_webcrypto_ed25519_remains_storage_limited_readonly true
case_contains	docs/acceptance-cases/05_ui.md	UI-MOB-022	ui_assert: android_missing_webcrypto_ed25519_shows_update_guidance true
case_contains	docs/acceptance-cases/05_ui.md	UI-MOB-022	cli_assert: android_writable_smoke_probes_real_nonextractable_ed25519_before_business_flow true
case_contains	docs/acceptance-cases/05_ui.md	UI-MOB-022	native_assert: mobile_supervisor_owns_backend_task_shutdown_endpoint_and_generation true
case_contains	docs/acceptance-cases/05_ui.md	UI-MOB-022	native_assert: mobile_embedded_authority_runtime_initialized_once_per_process true
case_contains	docs/acceptance-cases/05_ui.md	UI-MOB-022	native_assert: mobile_transport_restart_reuses_repo_sync_and_app_state true
case_contains	docs/acceptance-cases/05_ui.md	UI-MOB-022	native_assert: mobile_runtime_shutdown_cancels_and_joins_background_tasks true
case_contains	docs/acceptance-cases/05_ui.md	UI-MOB-022	native_assert: mobile_remote_browser_creates_no_embedded_supervisor true
case_contains	docs/acceptance-cases/05_ui.md	UI-MOB-022	native_assert: mobile_exit_gracefully_stops_embedded_backend true
case_contains	docs/acceptance-cases/05_ui.md	UI-MOB-022	native_assert: mobile_resume_restarts_dead_backend_on_new_random_endpoint true
case_contains	docs/acceptance-cases/05_ui.md	UI-MOB-022	native_assert: retired_mobile_transport_closes_upgraded_websocket_sessions true
case_contains	docs/acceptance-cases/05_ui.md	UI-MOB-022	native_assert: mobile_resume_rebinds_web_connection_without_page_reload true
case_contains	docs/acceptance-cases/05_ui.md	UI-MOB-022	native_assert: mobile_exit_reports_clean_runtime_shutdown_marker true
case_contains	docs/acceptance-cases/05_ui.md	UI-MOB-022	native_assert: unproven_transport_retirement_requires_app_restart true
case_contains	docs/acceptance-cases/05_ui.md	UI-MOB-022	ui_assert: mobile_suspend_immediately_readonly_and_preserves_pending true
case_contains	docs/acceptance-cases/05_ui.md	UI-MOB-022	ui_assert: mobile_resume_rejects_stale_scope_before_fresh_writer_ready true
case_contains	docs/acceptance-cases/05_ui.md	UI-MOB-022	ui_assert: mobile_resume_installs_only_current_generation_bootstrap true
case_contains	docs/acceptance-cases/05_ui.md	UI-MOB-022	ui_assert: mobile_lifecycle_smoke_preserves_nonzero_pending true
case_contains	docs/acceptance-cases/05_ui.md	UI-MOB-022	ui_assert: android_pending_fault_gate_discards_old_generation_outbound_write true
case_contains	docs/acceptance-cases/05_ui.md	UI-MOB-022	ui_assert: android_replacement_generation_requires_product_pending_replay true
case_contains	docs/acceptance-cases/05_ui.md	UI-MOB-022	ui_assert: android_same_repo_session_restore_rebinds_pending_scope true
case_contains	docs/acceptance-cases/05_ui.md	UI-MOB-022	ui_assert: android_keyboard_resize_preserves_host_and_open_request true
case_contains	docs/acceptance-cases/05_ui.md	UI-MOB-022	cli_assert: android_emulator_binder_epipe_exit_224_requires_exact_broken_pipe_signature true
case_contains	docs/acceptance-cases/05_ui.md	UI-MOB-022	cli_assert: android_emulator_rejected_exit_224_diagnostic_is_bounded_sanitized_and_non_admitting true
contains	docs/features/08_ui_design_03_mobile.md	alphanumeric run 已折叠的 ASCII structural preview
contains	docs/plan/11_ui_design/03_mobile.md	`MobileEmbeddedBackendSupervisor` 必须持有唯一 process-scoped `EmbeddedServerRuntime`
contains	docs/features/08_ui_design_03_mobile.md	LocalBackend 由一个 lifecycle supervisor 独占 process-scoped `EmbeddedServerRuntime`
contains	apps/cli/src/native_runtime.rs	start_native_loopback_backend_with_listener_until_shutdown
contains	apps/cli/src/native_runtime.rs	pub struct NativeEmbeddedServerRuntime
contains	apps/cli/src/server/start.rs	pub(crate) struct EmbeddedServerRuntime
contains	apps/cli/src/server/start.rs	.with_graceful_shutdown(shutdown)
contains	apps/cli/src/server/ws/transport.rs	pub(crate) struct WsTransportRuntime
contains	apps/mobile/src/embedded_backend/supervisor.rs	pub struct MobileEmbeddedBackendSupervisor
contains	apps/mobile/src/embedded_backend/supervisor.rs	MobileEmbeddedBackendServiceState::ForegroundReprobe
contains	apps/mobile/src/embedded_backend/supervisor.rs	resume_gate: tokio::sync::Mutex<()>
contains	apps/mobile/src/embedded_backend/supervisor_shutdown.rs	pub async fn shutdown
contains	apps/mobile/src/embedded_backend/supervisor_webview.rs	resume_and_complete_on_webview
contains	apps/mobile/src/embedded_backend/generation.rs	bind_native_loopback_listener(None)
contains	apps/mobile/src/embedded_backend/supervisor_types.rs	replacement_source
contains	apps/mobile/src/embedded_backend/cookie.rs	setAcceptThirdPartyCookies
contains	apps/mobile/src/tauri_entry/native_backend_commands.rs	native_backend_prepare_webview_session
contains	apps/mobile/src/tauri_entry.rs	mobile_local_backend_command_plugin()
contains	apps/mobile/src/tauri_entry/native_backend_commands.rs	deve-native-backend-commands
absent	apps/mobile/src/tauri_entry/native_backend_commands.rs	switchLocal
contains	apps/mobile/src/tauri_entry.rs	MobileEmbeddedBackendSupervisor::start(app_data_dir)
contains	apps/mobile/src/tauri_entry.rs	app.manage(std::sync::Arc::new(supervisor))
contains	apps/mobile/src/tauri_lifecycle.rs	WindowEvent::Suspended
contains	apps/mobile/src/tauri_lifecycle.rs	WindowEvent::Resumed
contains	apps/mobile/src/tauri_lifecycle.rs	shutdown_mobile_backend_before_restart
contains	apps/web/src/hooks/use_core/effects/handshake/lifecycle.rs	deve-native-suspended
contains	apps/web/src/api/connection.rs	RebindNativeEndpoint
contains	apps/web/src/hooks/use_core/effects/handshake/lifecycle.rs	probe_auth_status_with_http_base
contains	apps/web/src/hooks/use_core/effects/handshake/lifecycle.rs	fn native_suspend_immediately_revokes_write_readiness()
contains	scripts/check-mobile-android-emulator-install-startup-smoke.sh	smoke-mobile-android-lifecycle.sh
contains	scripts/smoke-mobile-android-lifecycle.sh	DEVE_MOBILE_ANDROID_CDP_ENDPOINT
contains	scripts/smoke-mobile-android-lifecycle.sh	DEVE_MOBILE_ANDROID_EXPECT_WRITABLE
contains	scripts/smoke-mobile-android-lifecycle.sh	DEVE_MOBILE_ANDROID_TARGET_FACTS_PATH
contains	scripts/smoke-mobile-android-lifecycle.sh	android_app_process_wait_stable "$deadline" app_pid lifecycle_clock
contains	scripts/smoke-mobile-android-lifecycle.sh	android_app_process_observe_anchored "$PID" app_pid
contains	scripts/smoke-mobile-android-remote-browser.sh	android_app_process_wait_stable "$GLOBAL_DEADLINE" app_pid remote_browser_clock
contains	scripts/smoke-mobile-android-remote-browser.sh	android_app_process_observe_anchored "$PID" app_pid
contains	scripts/android-app-process-readiness.test.sh	transient empty pid sample must not reject a stable launch
contains	scripts/inspect-android-target-capability.mjs	supportBaseline
contains	scripts/lib/android-target-capability.mjs	providerMajor >= 137
contains	scripts/lib/android-target-capability.mjs	sdkLevel >= 29
contains	scripts/smoke-mobile-android-lifecycle.mjs	mobile-android-lifecycle: backgrounding app
contains	scripts/smoke-mobile-android-lifecycle.mjs	readonly negative evidence accepted
contains	scripts/smoke-mobile-android-lifecycle.mjs	./lib/android-identity-capability.mjs
contains	scripts/lib/android-identity-capability.mjs	probeWebCryptoEd25519
contains	scripts/lib/android-identity-capability.mjs	evaluateWritableProbeExpectation
contains	scripts/smoke-mobile-android-lifecycle.mjs	./lib/mobile-webview-interaction.mjs
contains	scripts/smoke-mobile-android-lifecycle.mjs	./lib/android-business-flow.mjs
contains	scripts/lib/android-business-flow.mjs	./mobile-source-control-interaction.mjs
contains	scripts/smoke-mobile-android-remote-browser.sh	DEVE_MOBILE_ANDROID_REMOTE_SMOKE_REQUIRED
contains	scripts/smoke-mobile-android-remote-browser.mjs	smoke-mobile-android-remote-browser
contains	scripts/smoke-mobile-android-remote-browser.mjs	probeWebCryptoEd25519
contains	scripts/smoke-mobile-android-remote-browser.mjs	freshLocalEndpointSessionScope
contains	scripts/smoke-mobile-android-remote-browser.mjs	remoteAuthorityNotReused
contains	scripts/smoke-mobile-android-remote-browser.mjs	native_backend_get_service_state
contains	scripts/smoke-mobile-android-remote-browser.mjs	native_backend_get_recovery_state
contains	scripts/smoke-mobile-android-remote-browser.mjs	RemoteBrowser CDP target retirement
contains	scripts/smoke-mobile-android-remote-browser.mjs	processExitedAfterGracefulShutdown
contains	apps/mobile/src/tauri_entry/backend_recovery/coordinator.rs	MobileBackendRecoveryCoordinator
contains	apps/mobile/src/tauri_entry/backend_recovery/coordinator.rs	remove_platform_recovery_control
contains	apps/mobile/src/tauri_entry/backend_recovery/state.rs	MobileBackendRecoveryState
contains	apps/mobile/src/tauri_entry/backend_recovery/state.rs	active_runtime_owners
contains	apps/mobile/src/tauri_entry/backend_recovery/android.rs	installUseLocalBackendControl
contains	apps/mobile/gen/android/app/src/main/java/dev/deve/notebook/mobile/MainActivity.kt	removeUseLocalBackendControl
contains	apps/mobile/src/tauri_lifecycle.rs	MobileBackendRecoveryState
case_contains	docs/acceptance-cases/05_ui.md	UI-MOB-022	run: scripts/smoke-mobile-android-remote-browser.sh
case_contains	docs/acceptance-cases/05_ui.md	UI-MOB-022	run: cargo test -p deve_mobile --features native-packaging backend_recovery -- --nocapture
case_contains	docs/acceptance-cases/05_ui.md	UI-MOB-022	browser_assert: android_remote_browser_has_no_ipc_localhost_request_or_csp_error true
contains	scripts/lib/mobile-webview-interaction.mjs	android_webview_input_injection_unavailable
contains	scripts/check-mobile-android-emulator-install-startup-smoke.sh	API_LEVEL="${DEVE_MOBILE_ANDROID_EMULATOR_API_LEVEL:-37.0}"
contains	scripts/check-mobile-android-emulator-install-startup-smoke.sh	-gpu swangle
contains	scripts/check-mobile-android-emulator-install-startup-smoke.sh	FORMAL_FEATURE_POLICY="direct-memory-shared-slots"
contains	scripts/check-mobile-android-emulator-install-startup-smoke.sh	android_emulator_feature_policy_wait
contains	scripts/check-mobile-android-emulator-install-startup-smoke.sh	android_emulator_feature_policy_observe
contains	scripts/check-mobile-android-emulator-install-startup-smoke.sh	PINNED_EMULATOR_BIN="$(android_resolve_pinned_emulator)"
contains	scripts/lib/android-emulator-pin.sh	ANDROID_EMULATOR_PIN_VERSION="36.6.11.0"
contains	scripts/lib/android-emulator-pin.sh	ANDROID_EMULATOR_PIN_BUILD_ID="15507667"
contains	scripts/lib/android-emulator-pin.sh	sha256sum -c --quiet -
contains	scripts/check-mobile-android-emulator-install-startup-smoke.sh	SYSTEM_TARGET="${DEVE_MOBILE_ANDROID_EMULATOR_SYSTEM_TARGET:-google_apis}"
contains	scripts/check-mobile-android-emulator-install-startup-smoke.sh	node --test "$ROOT_DIR/scripts/webcrypto-capability.test.mjs"
contains	scripts/check-mobile-android-emulator-install-startup-smoke.sh	node --test "$ROOT_DIR/scripts/android-target-capability.test.mjs"
contains	scripts/check-mobile-android-emulator-install-startup-smoke.sh	node --test "$ROOT_DIR/apps/web/js/editor_lifecycle.test.mjs"
contains	scripts/check-mobile-android-emulator-install-startup-smoke.sh	node --test "$ROOT_DIR/scripts/android-webview-cdp.test.mjs"
contains	scripts/check-mobile-android-emulator-install-startup-smoke.sh	node --test "$ROOT_DIR/scripts/mobile-webview-interaction.test.mjs"
contains	scripts/check-mobile-android-emulator-install-startup-smoke.sh	node --test "$ROOT_DIR/scripts/websocket-delivery-gate.test.mjs"
contains	scripts/check-mobile-android-emulator-install-startup-smoke.sh	node --check "$ROOT_DIR/scripts/lib/android-webview-cdp.mjs"
contains	scripts/check-mobile-android-emulator-install-startup-smoke.sh	node --check "$ROOT_DIR/scripts/lib/android-webview-cdp-client.mjs"
contains	scripts/check-mobile-android-emulator-install-startup-smoke.sh	node --check "$ROOT_DIR/scripts/lib/mobile-source-control-interaction.mjs"
contains	scripts/check-mobile-android-emulator-install-startup-smoke.sh	EMULATOR_SERIAL="emulator-$EMULATOR_PORT"
contains	scripts/check-mobile-android-emulator-install-startup-smoke.sh	-port "$EMULATOR_PORT"
contains	scripts/check-mobile-android-emulator-install-startup-smoke.sh	-memory "$EMULATOR_RAM_MB"
contains	scripts/check-mobile-android-emulator-install-startup-smoke.sh	EMULATOR_RAM_MB="${DEVE_MOBILE_ANDROID_EMULATOR_RAM_MB:-4096}"
contains	scripts/check-mobile-android-emulator-install-startup-smoke.sh	disk.dataPartition.size=%sM
contains	scripts/check-mobile-android-emulator-install-startup-smoke.sh	EMULATOR_PARTITION_MB="${DEVE_MOBILE_ANDROID_EMULATOR_PARTITION_MB:-4096}"
contains	scripts/check-mobile-android-emulator-install-startup-smoke.sh	EMULATOR_PARTITION_MB >= 2048 && EMULATOR_PARTITION_MB <= 8192
contains	scripts/check-mobile-android-emulator-install-startup-smoke.sh	minimum_total_kib=$(( EMULATOR_PARTITION_MB * 1024 * 3 / 4 ))
contains	scripts/check-mobile-android-emulator-install-startup-smoke.sh	available_kib >= 1048576
contains	scripts/check-mobile-android-emulator-install-startup-smoke.sh	status != 0 && DIAGNOSTICS_PRINTED == 0
contains	scripts/check-mobile-android-emulator-install-startup-smoke.sh	LIFECYCLE_TIMEOUT_SECS="${DEVE_MOBILE_ANDROID_LIFECYCLE_TIMEOUT_SECS:-600}"
contains	scripts/check-mobile-android-emulator-install-startup-smoke.sh	-lowram
contains	scripts/check-mobile-android-emulator-install-startup-smoke.sh	stop_android_gradle_daemon
contains	scripts/check-mobile-android-emulator-install-startup-smoke.sh	android_emulator_boot_avd_identity_matches
before	scripts/check-mobile-android-emulator-install-startup-smoke.sh	check-mobile-android-shell-package-build.sh	emulator_cmd \
contains	scripts/check-mobile-android-emulator-install-startup-smoke.sh	android_emulator_boot_properties_ready
contains	scripts/check-mobile-android-emulator-install-startup-smoke.sh	source "$ROOT_DIR/scripts/lib/android-emulator-boot-readiness.sh"
contains	scripts/check-mobile-android-emulator-install-startup-smoke.sh	android_emulator_wait_for_guest_services_stable
before	scripts/check-mobile-android-emulator-install-startup-smoke.sh	android_emulator_wait_for_guest_services_stable	check-mobile-android-install-startup-smoke.sh
contains	scripts/check-mobile-android-emulator-install-startup-smoke.sh	android-guest-service-readiness.test.sh
contains	scripts/check-mobile-android-emulator-install-startup-smoke.sh	android-emulator-boot-readiness.test.sh
contains	scripts/check-mobile-android-emulator-install-startup-smoke.sh	android-app-process-readiness.test.sh
contains	scripts/lib/android-emulator-boot-readiness.sh	emu avd name
contains	scripts/lib/android-emulator-boot-readiness.sh	android_boot_properties_complete "$sys_boot_completed" "$dev_boot_complete"
contains	scripts/lib/android-emulator-boot-readiness.sh	ANDROID_EMULATOR_BOOT_CAPTURE_STATUS="$status"
contains	scripts/lib/android-emulator-boot-readiness.sh	ANDROID_EMULATOR_BOOT_PROBE_KILL_AFTER_SECS=2
contains	scripts/android-emulator-boot-readiness.test.sh	timed-out device line was admitted
contains	scripts/android-emulator-boot-readiness.test.sh	timed-out AVD identity was admitted
contains	scripts/android-emulator-boot-readiness.test.sh	timed-out boot property was admitted
contains	scripts/lib/android-guest-service-readiness.sh	ANDROID_GUEST_SERVICE_STABLE_WINDOW_SECS=10
contains	scripts/lib/android-guest-service-readiness.sh	shell cmd package list packages
contains	scripts/lib/android-guest-service-readiness.sh	shell settings get global device_provisioned
contains	scripts/lib/android-guest-service-readiness.sh	platform_package == 1
contains	scripts/lib/android-guest-service-readiness.sh	stable-window=reset
contains	scripts/lib/android-guest-service-readiness.sh	binder_epipe_status && broken_pipe == 1 && missing == 0
contains	scripts/lib/android-guest-service-readiness.sh	[[ "$output" == "cmd: Failure calling service settings: Broken pipe (32)" ]]
contains	scripts/lib/android-guest-service-readiness.sh	ANDROID_GUEST_SERVICE_DIAGNOSTIC_PREVIEW_BYTES=160
contains	scripts/lib/android-guest-service-readiness.sh	response_sample_lines=%s response_truncated=%s response_shape=[%s]
contains	scripts/android-guest-service-readiness.test.sh	expect_stable package-reset 14 8 7 1
contains	scripts/android-guest-service-readiness.test.sh	expect_stable settings-reset 14 8 8 1
contains	scripts/android-guest-service-readiness.test.sh	expect_stable package-binder-epipe-reset 14 8 7 1
contains	scripts/android-guest-service-readiness.test.sh	expect_stable settings-binder-epipe-reset 14 8 8 1
contains	scripts/android-guest-service-readiness.test.sh	package-binder-epipe-mismatch 30 224
contains	scripts/android-guest-service-readiness.test.sh	settings-binder-epipe-mismatch 30 224
contains	scripts/android-guest-service-readiness.test.sh	package-binder-epipe-mixed 30 224
contains	scripts/android-guest-service-readiness.test.sh	settings-binder-epipe-mixed 30 224
contains	scripts/android-guest-service-readiness.test.sh	expect_bounded_rejected_response_diagnostic
contains	scripts/android-guest-service-readiness.test.sh	expect_sanitized_rejected_response_diagnostic
contains	scripts/android-guest-service-readiness.test.sh	PRODUCTION_REJECTED_RESPONSE_DIAGNOSTIC
contains	scripts/android-guest-service-readiness.test.sh	response_prefix_bytes=160 response_sample_lines=1 response_truncated=true response_shape=[0]
contains	scripts/android-guest-service-readiness.test.sh	package-timeout 30 124
contains	scripts/android-guest-service-readiness.test.sh	package-ready-then-timeout 30 124
contains	scripts/android-guest-service-readiness.test.sh	settings-ready-then-timeout 30 124
contains	scripts/android-guest-service-readiness.test.sh	guard-fail 30 23
contains	scripts/android-guest-service-readiness.test.sh	guard-final-fail 30 23
contains	scripts/android-guest-service-readiness.test.sh	package-success-mixed 30 1
contains	scripts/lib/android-install-retry.sh	wait_for_android_guest_services_stable "$deadline"
contains	scripts/lib/android-install-retry.sh	guest-service admission failed: $ANDROID_GUEST_SERVICE_READINESS_LAST_EVIDENCE
contains	scripts/lib/android-install-retry.sh	remaining > kill_after_secs
contains	scripts/lib/android-install-retry.sh	retryable_android_settings_provider_install_failure "$status" "$output"
contains	scripts/android-install-retry.test.sh	run_case package-recover 0 2
contains	scripts/android-install-retry.test.sh	guest-service admission failed: package-manager=unavailable status=124
contains	scripts/android-install-retry.test.sh	verify_admission_log_failure_preserves_status
contains	scripts/android-install-retry.test.sh	run_case settings-readiness-recover 0 2
contains	scripts/lib/android-tools.sh	android_boot_properties_complete()
contains	scripts/lib/android-tools.sh	if sdk="$(android_sdk_root)"; then
contains	apps/web/js/editor_lifecycle.test.mjs	stale cleanup cannot destroy a replacement editor mount
contains	apps/web/js/editor_lifecycle.js	destroyOwnedEditorMount
contains	scripts/mobile-webview-interaction.test.mjs	read-only editor focus rejects a writable CodeMirror surface
contains	scripts/android-webview-cdp.test.mjs	stable discovery keeps one healthy slow page generation attached
contains	scripts/android-webview-cdp.test.mjs	stable discovery retires a target that navigates away before accepting its replacement
contains	scripts/android-webview-cdp.test.mjs	stable discovery reconnects a transiently blank snapshot for the same target
contains	scripts/android-webview-cdp.test.mjs	renderer generation lease cannot be renewed by reconnecting the same target
contains	scripts/android-webview-cdp.test.mjs	interleaved targets cannot renew a previously observed renderer generation
contains	scripts/android-webview-cdp.test.mjs	stable discovery rejects a marker that arrives after its absolute deadline
contains	scripts/android-webview-cdp.test.mjs	stable discovery rejects helper installation that completes after its absolute deadline
contains	scripts/android-webview-cdp.test.mjs	stable discovery closes a page connection that completes after its absolute deadline
contains	scripts/android-webview-cdp.test.mjs	stable discovery failure preserves only the latest sanitized page snapshot
contains	scripts/smoke-mobile-android-lifecycle.mjs	suspended editor must reject writes
contains	scripts/lib/mobile-source-control-interaction.mjs	commit visible in history
contains	scripts/smoke-mobile-android-lifecycle.mjs	buffered outbound write before suspend
contains	scripts/lib/mobile-webview-interaction.mjs	same-breakpoint Android keyboard resize
contains	scripts/lib/mobile-webview-interaction.mjs	android_pending_ack_marker_invalid
contains	scripts/lib/websocket-delivery-gate.mjs	WebSocket.prototype.send = function gatedSend
contains	apps/web/src/runtime/domain/scope.rs	RestoreSession
contains	apps/web/src/runtime/document/pending/ops.rs	pub fn rebind_pending_scope
contains	apps/web/src/hooks/use_core/effects/message_control.rs	session_restore_rebind_target
contains	scripts/check-mobile-android-shell-package-build.sh	RUST_TOOLCHAIN="${DEVE_MOBILE_ANDROID_RUST_TOOLCHAIN:-1.97.0}"
contains	scripts/check-mobile-android-shell-package-build.sh	CARGO_BUILD_JOBS="${DEVE_MOBILE_ANDROID_CARGO_BUILD_JOBS:-1}"
contains	scripts/smoke-mobile-android-lifecycle.sh	deve_mobile LocalBackend clean shutdown complete
contains	docs/dev-runbook.md	DEVE_MOBILE_ANDROID_LIFECYCLE_SMOKE_REQUIRED=1 scripts/smoke-mobile-android-lifecycle.sh
