contains	docs/plan/18_release.md	docs/registry/release-audit-warning-registry.md
contains	docs/plan/18_release.md	non-vulnerability `cargo audit` warning
contains	docs/features/15_release.md	release audit warning registry
contains	docs/acceptance-cases/12_tech_release.md	cargo_audit_warnings_match_registry
contains	docs/dev-runbook.md	cargo run -p deve_baseline -- release-audit-gate tag-ready
contains	.github/workflows/release.yml	cargo run --locked -p deve_baseline -- release-audit-gate tag-ready
contains	docs/registry/release-audit-warning-registry.md	# Release Audit Warning Registry
contains	docs/plan/18_release.md	synthetic `YANKED`
contains	docs/features/15_release.md	synthetic `YANKED`
contains	docs/acceptance-cases/12_tech_release.md	yanked_warnings_without_advisory_use_synthetic_registry_key
contains	docs/registry/release-audit-warning-registry.md	direct-migration-before-stable
contains	docs/registry/release-audit-warning-registry.md	feature-gated-upstream-watch
contains	docs/registry/release-audit-warning-registry.md	upstream-upgrade-watch
contains	docs/registry/release-audit-warning-registry.md	yanked
contains	docs/registry/release-audit-warning-registry.md	YANKED
contains	docs/registry/release-audit-warning-registry.md	RUSTSEC-2024-0429
contains	docs/registry/release-audit-warning-registry.md	docs/adr/0006-native-linux-gtk3-first-tag-route.md
contains	docs/adr/README.md	0006-native-linux-gtk3-first-tag-route.md
contains	docs/adr/0006-native-linux-gtk3-first-tag-route.md	Status: Proposed
contains	docs/adr/0006-native-linux-gtk3-first-tag-route.md	release-audit-gate tag-ready
contains	docs/adr/0006-native-linux-gtk3-first-tag-route.md	Route 2
