contains	docs/plan/10_rendering.md	Rendering Capability Boundary
contains	docs/plan/10_rendering.md	Extended target
contains	docs/plan/10_rendering.md	辅助 Markdown-to-HTML 渲染器
contains	docs/plan/10_rendering.md	不得被视为主编辑器 hybrid engine
contains	docs/plan/10_rendering.md	独立 Preview Projection / Live Preview / Milkdown
contains	docs/plan/10_rendering.md	真正跨超大文档的完整 virtual rendering
contains	docs/plan/10_rendering.md	rendering settings 的完整 GUI 持久化
contains	docs/plan/10_rendering.md	Editor undo / redo
contains	docs/plan/10_rendering.md	远程 snapshot、history replay、live op 与批量 remote op **MUST NOT** 进入本地 CodeMirror undo stack
contains	docs/features/03_rendering.md	下列能力不得作为本功能篇的已完成验收目标
contains	docs/features/03_rendering.md	不承担主编辑器职责
contains	docs/features/03_rendering.md	不宣称完整 virtual rendering
contains	docs/features/03_rendering.md	ATX 标题（`#` 到 `######`）的标题正文和空标题行都必须保持对应标题层级的整行视觉高度
case_contains	docs/acceptance-cases/03_rendering.md	RENDER-HEADING-001	ui_assert: atx_heading_lines_have_heading_class true
case_contains	docs/acceptance-cases/03_rendering.md	RENDER-HEADING-001	ui_assert: atx_heading_text_line_height_gt_plain true
case_contains	docs/acceptance-cases/03_rendering.md	RENDER-HEADING-001	ui_assert: atx_empty_heading_line_height_gt_plain true
case_contains	docs/acceptance-cases/03_rendering.md	RENDER-HEADING-001	ui_assert: atx_nonempty_short_heading_line_height_gt_plain true
case_contains	docs/acceptance-cases/03_rendering.md	RENDER-HEADING-001	ui_assert: atx_active_cjk_candidate_line_height_gt_plain true
case_contains	docs/acceptance-cases/03_rendering.md	RENDER-HEADING-001	ui_assert: source_mode_heading_line_height_gt_plain true
case_contains	docs/acceptance-cases/03_rendering.md	RENDER-HEADING-001	ui_assert: hybrid_active_heading_line_height_gt_plain true
case_contains	docs/acceptance-cases/03_rendering.md	RENDER-HEADING-001	ui_assert: hybrid_inactive_heading_mark_hidden_and_line_height_gt_plain true
case_contains	docs/acceptance-cases/03_rendering.md	RENDER-HEADING-001	ui_assert: preview_mode_heading_line_height_gt_plain true
case_contains	docs/acceptance-cases/03_rendering.md	RENDER-HEADING-001	ui_assert: preview_mode_markdown_source_hidden true
case_contains	docs/acceptance-cases/03_rendering.md	RENDER-HEADING-001	ui_assert: preview_mode_editing_disabled true
case_contains	docs/acceptance-cases/03_rendering.md	RENDER-HEADING-001	run: scripts/check-rendering-baseline.sh
case_contains	docs/acceptance-cases/03_rendering.md	RENDER-HEADING-001	run: cargo test -p deve_web empty_atx_headings -- --nocapture
case_contains	docs/acceptance-cases/03_rendering.md	RENDER-HEADING-001	run: cargo test -p deve_web markdown_heading_modes -- --nocapture
case_contains	docs/acceptance-cases/03_rendering.md	RENDER-HEADING-001	run: node apps/web/js/extensions/block_styling.test.cjs
case_contains	docs/acceptance-cases/03_rendering.md	RENDER-HEADING-001	ui_assert: editor_heading_line_classes ["cm-heading-line-1", "cm-heading-line-2", "cm-heading-line-3"]
case_contains	docs/acceptance-cases/03_rendering.md	RENDER-HEADING-001	ui_assert: nonempty_editor_heading_line_classes ["cm-heading-line-1", "cm-heading-line-2", "cm-heading-line-3"]
case_contains	docs/acceptance-cases/03_rendering.md	RENDER-HEADING-001	ui_assert: markdown_body_empty_heading_heights_distinct true
case_contains	docs/acceptance-cases/03_rendering.md	RENDER-HEADING-001	ui_assert: nonempty_heading_keeps_layered_height true
case_contains	docs/acceptance-cases/03_rendering.md	RENDER-HEADING-001	ui_assert: nonempty_heading_font_scales_match_levels true
case_contains	docs/acceptance-cases/03_rendering.md	RENDER-HEADING-001	ui_assert: nonempty_heading_not_double_scaled true
case_contains	docs/acceptance-cases/03_rendering.md	RENDER-HEADING-001	ui_assert: heading_with_inline_math_keeps_line_class true
case_contains	docs/acceptance-cases/03_rendering.md	RENDER-HEADING-001	ui_assert: heading_opener_inside_math_frontmatter_not_styled true
contains	docs/acceptance-bindings.tsv	RENDER-HEADING-001|manual-chrome|docs/features/03_rendering.md|empty and nonempty ATX heading editor/html workflow
contains	apps/web/js/extensions/block_styling.js	ATX_HEADING_LINE_RE
contains	apps/web/js/extensions/block_styling.js	ACTIVE_CJK_ATX_HEADING_LINE_RE
contains	apps/web/js/extensions/block_styling.js	const activeCjkCandidate = isActiveLine
contains	apps/web/js/extensions/block_styling.js	update.selectionSet
contains	apps/web/js/extensions/block_styling.js	function headingLineClass(headingLevel)
contains	apps/web/js/extensions/block_styling.js	cm-heading-line cm-heading-line-${headingLevel}
contains	apps/web/js/extensions/block_styling.js	function protectedHeadingRanges(docText)
contains	apps/web/js/extensions/block_styling.js	function nextProtectedRanges(currentRanges, update)
contains	apps/web/js/extensions/block_styling.js	function frontmatterCandidateBoundary(doc)
contains	apps/web/js/extensions/block_styling.js	function headingLineClassForLine(line, isActiveLine, protectedRanges)
contains	apps/web/js/extensions/block_styling.js	Decoration.line({ class: lineClass }).range(line.from)
contains	apps/web/js/extensions/block_styling.test.cjs	#申话
contains	apps/web/js/extensions/block_styling.test.cjs	hybrid plugin must not duplicate the block styling heading line projection
contains	apps/web/js/extensions/block_styling.test.cjs	# 申话
contains	apps/web/js/extensions/block_styling.test.cjs	headingLineRule
contains	apps/web/js/index_editor_adapter.js	editor.bundle.js?rev=20260703-heading-lineheight
contains	apps/web/js/extensions/hybrid.js	Decoration.line({
contains	apps/web/js/extensions/hybrid.js	attributes: {
absent	apps/web/js/extensions/hybrid.js	cm-heading-line
absent	apps/web/js/extensions/hybrid.js	"data-deve-heading-level"
absent	apps/web/js/extensions/hybrid.js	function atxHeadingLevelFromLine(lineText)
absent	apps/web/js/extensions/hybrid.js	const isPositionInsideMath = (pos) =>
absent	apps/web/js/extensions/hybrid.js	addHeadingLineDecoration(widgets, decoratedHeadingLines, line, headingLevel)
contains	apps/web/js/extensions/hybrid.js	findContainingCode(node.from)
contains	apps/web/style/_typography.css	.cm-h1
contains	apps/web/style/_typography.css	.cm-h2
contains	apps/web/style/_typography.css	.cm-h3
contains	apps/web/style/_typography.css	.cm-line.cm-h1
contains	apps/web/style/_typography.css	.cm-line.cm-h2
contains	apps/web/style/_typography.css	.cm-line.cm-h3
contains	apps/web/style/_typography.css	.cm-line.cm-h4
contains	apps/web/style/_typography.css	.cm-line.cm-h5
contains	apps/web/style/_typography.css	.cm-line.cm-h6
contains	apps/web/style/_typography.css	.cm-content .cm-line.cm-heading-line
contains	apps/web/style/_typography.css	.cm-content .cm-line.cm-heading-line span
contains	apps/web/style/_typography.css	.cm-content .cm-line.cm-heading-line span span
contains	apps/web/style/_typography.css	.cm-content .cm-line.cm-heading-line.cm-activeLine
contains	apps/web/style/_typography.css	.cm-content .cm-line.cm-heading-line-1
contains	apps/web/style/_typography.css	min-height: 1.2em;
contains	apps/web/style/_typography.css	min-height: 1.3em;
contains	apps/web/style/_typography.css	min-height: 1.4em;
contains	apps/web/style/_typography.css	min-height: 1.5em;
contains	apps/web/style/_typography.css	min-height: 1.7em;
contains	apps/web/style/_typography.css	min-height: 1.9em;
contains	apps/web/style/_typography.css	font-size: 2em;
contains	apps/web/style/_typography.css	font-size: inherit;
contains	apps/web/style/_typography.css	--deve-heading-line-box: 1.2em;
contains	apps/web/style/_typography.css	--deve-heading-inline-line-height: 1.2;
contains	apps/web/style/_typography.css	.markdown-body h1
contains	docs/acceptance-cases/05_ui.md	case_id: UI-WEB-008
contains	docs/acceptance-cases/05_ui.md	cli_assert: editor_history_keymap_bound true
contains	docs/acceptance-bindings.tsv	UI-WEB-008|manual-chrome|docs/features/03_rendering.md|editor undo redo workflow
contains	apps/web/js/editor_adapter.js	history()
contains	apps/web/js/editor_adapter.js	historyKeymap
contains	apps/web/js/editor_adapter.js	export function mobileInsertText(text)
contains	apps/web/js/editor_adapter.js	export function mobileWrapSelection(prefix, suffix)
contains	apps/web/js/editor_adapter.js	export function mobileUndo()
contains	apps/web/js/editor_adapter.js	export function mobileRedo()
contains	apps/web/js/editor_adapter.js	function registerBrowserBridgeGlobal(name, value, meta = {})
contains	apps/web/js/editor_adapter.js	runtime: "render_projection_runtime"
contains	apps/web/js/editor_adapter.js	registerBrowserBridgeGlobal("setupCodeMirror"
contains	apps/web/js/editor_adapter.js	registerBrowserBridgeGlobal("applyRemoteOpsBatch"
contains	apps/web/js/index_bootstrap.js	const registerEditorBridgeGlobal = (name, value, meta = {}) =>
contains	apps/web/js/index_bootstrap.js	registerEditorBridgeGlobal("setupCodeMirror"
contains	apps/web/js/index_editor_adapter.js	registerEditorBridgeGlobal("ensureEditorAdapter"
absent	apps/web/index.html	window.applyRemoteOpsBatch =
absent	apps/web/index.html	window.setupCodeMirror =
case_contains	docs/acceptance-cases/03_rendering.md	RENDER-BRIDGE-001	run: node apps/web/js/web_bridge_registry.test.cjs
case_contains	docs/acceptance-cases/03_rendering.md	RENDER-BRIDGE-001	cli_assert: editor_adapter_globals_registered_through_bridge true
case_contains	docs/acceptance-cases/03_rendering.md	RENDER-BRIDGE-001	cli_assert: index_editor_wrappers_registered_through_bridge true
case_contains	docs/acceptance-cases/03_rendering.md	RENDER-BRIDGE-001	cli_assert: index_html_bridge_logic_externalized true
case_contains	docs/acceptance-cases/03_rendering.md	RENDER-BRIDGE-001	cli_assert: index_html_theme_bootstrap_externalized true
case_contains	docs/acceptance-cases/03_rendering.md	RENDER-BRIDGE-001	cli_assert: index_editor_bootstrap_state_registered_through_bridge true
case_contains	docs/acceptance-cases/03_rendering.md	RENDER-BRIDGE-001	cli_assert: index_editor_bootstrap_state_avoids_direct_window_fields true
case_contains	docs/acceptance-cases/03_rendering.md	RENDER-BRIDGE-001	cli_assert: index_editor_wrappers_avoid_direct_window_calls true
case_contains	docs/acceptance-cases/03_rendering.md	RENDER-BRIDGE-001	cli_assert: bridge_registry_get_call_facade_bound true
case_contains	docs/acceptance-cases/03_rendering.md	RENDER-BRIDGE-001	cli_assert: index_mobile_editor_stubs_do_not_read_debug_view true
case_contains	docs/acceptance-cases/03_rendering.md	RENDER-BRIDGE-001	cli_assert: index_boot_helpers_registered_through_bridge true
case_contains	docs/acceptance-cases/03_rendering.md	RENDER-BRIDGE-001	cli_assert: index_boot_helpers_avoid_direct_window_calls true
case_contains	docs/acceptance-cases/03_rendering.md	RENDER-BRIDGE-001	cli_assert: index_error_handler_does_not_assign_window_onerror true
case_contains	docs/acceptance-cases/03_rendering.md	RENDER-BRIDGE-001	cli_assert: init_code_actions_registered_through_bridge true
case_contains	docs/acceptance-cases/03_rendering.md	RENDER-BRIDGE-001	cli_assert: init_i18n_registered_through_bridge true
case_contains	docs/acceptance-cases/03_rendering.md	RENDER-BRIDGE-001	cli_assert: init_rejects_unregistered_window_facades true
case_contains	docs/acceptance-cases/03_rendering.md	RENDER-BRIDGE-001	cli_assert: init_script_order_keeps_registry_before_init true
case_contains	docs/acceptance-cases/03_rendering.md	RENDER-BRIDGE-001	cli_assert: code_menu_does_not_assign_action_registry true
case_contains	docs/acceptance-cases/03_rendering.md	RENDER-BRIDGE-001	cli_assert: widget_bridge_helper_centralizes_facade_reads true
case_contains	docs/acceptance-cases/03_rendering.md	RENDER-BRIDGE-001	cli_assert: code_menu_reads_actions_through_bridge_facade true
case_contains	docs/acceptance-cases/03_rendering.md	RENDER-BRIDGE-001	cli_assert: i18n_reads_copy_through_bridge_facade true
case_contains	docs/acceptance-cases/03_rendering.md	RENDER-BRIDGE-001	cli_assert: bridge_registry_missing_fails_closed true
case_contains	docs/acceptance-cases/03_rendering.md	RENDER-BRIDGE-001	cli_assert: gutter_diff_extension_does_not_bypass_bridge true
case_contains	docs/acceptance-cases/03_rendering.md	RENDER-BRIDGE-001	cli_assert: chat_math_globals_registered_through_bridge true
case_contains	docs/acceptance-cases/03_rendering.md	RENDER-BRIDGE-001	cli_assert: chat_math_missing_registry_fails_closed true
case_contains	docs/acceptance-cases/03_rendering.md	RENDER-BRIDGE-001	cli_assert: katex_facade_registered_through_bridge true
case_contains	docs/acceptance-cases/03_rendering.md	RENDER-BRIDGE-001	cli_assert: chat_math_uses_katex_bridge_facade true
case_contains	docs/acceptance-cases/03_rendering.md	RENDER-BRIDGE-001	cli_assert: editor_math_extensions_use_katex_bridge_facade true
case_contains	docs/acceptance-cases/03_rendering.md	RENDER-BRIDGE-001	cli_assert: image_widget_does_not_read_debug_view_global true
case_contains	docs/acceptance-cases/03_rendering.md	RENDER-BRIDGE-001	cli_assert: native_backend_config_global_registered_through_bridge true
case_contains	docs/acceptance-cases/03_rendering.md	RENDER-BRIDGE-001	cli_assert: bridge_registry_rejects_authority_globals true
case_contains	docs/acceptance-cases/03_rendering.md	RENDER-BRIDGE-001	cli_assert: bridge_registry_rejects_authority_names true
case_contains	docs/acceptance-cases/03_rendering.md	RENDER-BRIDGE-001	cli_assert: bridge_registry_rejects_authority_sources true
case_contains	docs/acceptance-cases/03_rendering.md	RENDER-BRIDGE-001	cli_assert: bridge_registry_rejects_authority_roles true
case_contains	docs/acceptance-cases/03_rendering.md	RENDER-BRIDGE-001	cli_assert: bridge_registry_revalidates_existing_policy_marker true
case_contains	docs/acceptance-cases/03_rendering.md	RENDER-BRIDGE-001	cli_assert: bridge_registry_fallback_refuses_unregistered_window_value true
case_contains	docs/acceptance-cases/03_rendering.md	RENDER-BRIDGE-001	cli_assert: bridge_registry_legacy_adoption_uses_registered_value true
case_contains	docs/acceptance-cases/03_rendering.md	RENDER-BRIDGE-001	cli_assert: bridge_registry_scripts_are_rev_versioned true
contains	docs/acceptance-bindings.tsv	RENDER-BRIDGE-001|manual-cli|docs/registry/runtime-skeleton-registry.md|editor widget bridge registry boundary
contains	docs/registry/runtime-skeleton-registry.md	apps/web/js/katex_bridge.js
contains	docs/registry/runtime-skeleton-registry.md	apps/web/js/rendering_bridge.js
contains	apps/web/index.html	src="js/web_bridge_registry.js?rev=20260705-bridge-policy"
contains	apps/web/index.html	src="js/index_theme_bootstrap.js?rev=20260705-bridge-policy"
contains	apps/web/index.html	src="js/katex_bridge.js?rev=20260705-bridge-policy"
contains	apps/web/index.html	src="js/index_editor_adapter.js?rev=20260705-bridge-policy"
contains	apps/web/js/katex_bridge.js	bridge.register("__deveKatex"
contains	apps/web/js/katex_bridge.js	role: "katex-render-facade"
contains	apps/web/js/rendering_bridge.js	getRenderingBridgeGlobal("__deveKatex")
contains	apps/web/js/web_bridge_registry.test.cjs	KaTeX facade must be registered through the browser bridge registry
contains	apps/web/js/web_bridge_registry.test.cjs	chat math rendering must read KaTeX through the bridge facade
contains	apps/web/js/web_bridge_registry.test.cjs	math extension must render KaTeX through the rendering bridge helper
contains	apps/web/js/web_bridge_registry.test.cjs	inline renderer must render KaTeX through the rendering bridge helper
contains	apps/web/js/web_bridge_registry.test.cjs	image widget must use the CodeMirror view parameter instead of the debug global
contains	apps/web/js/chat_math.js	bridge.get("__deveKatex")
absent	apps/web/js/chat_math.js	window.katex
contains	apps/web/js/extensions/math.js	renderKatex(this.content, span
absent	apps/web/js/extensions/math.js	window.katex
contains	apps/web/js/extensions/inline_renderer.js	renderKatex(mathContent, span
absent	apps/web/js/extensions/inline_renderer.js	window.katex
absent	apps/web/js/extensions/image.js	window._debug_view
absent	apps/web/js/editor_adapter.js	window.applyRemoteOpsBatch =
contains	apps/web/js/web_bridge_registry.test.cjs	web-bridge-registry-editor-globals: ok
contains	apps/web/js/web_bridge_registry.test.cjs	must not be assigned directly on window/globalThis
contains	apps/web/js/web_bridge_registry.test.cjs	registry must reject globals that claim business authority
contains	apps/web/js/web_bridge_registry.test.cjs	registry must reject names that imply Source Control or writer-state authority
contains	apps/web/js/web_bridge_registry.test.cjs	registry must reject sources that imply Source Control or writer-state authority
contains	apps/web/js/web_bridge_registry.test.cjs	registry must reject roles that imply Source Control or writer-state authority
contains	apps/web/js/web_bridge_registry.test.cjs	same policy marker registries must still be revalidated by the local implementation
contains	apps/web/js/web_bridge_registry.test.cjs	fallback registration must not adopt an unregistered preexisting window value
contains	apps/web/js/web_bridge_registry.test.cjs	legacy adoption must call the old registry value instead of an overwritten window value
contains	apps/web/js/web_bridge_registry.test.cjs	legacy registries without the policy marker must be replaced by the projection-only registry
contains	apps/web/js/web_bridge_registry.test.cjs	index.html must load web_bridge_registry.js with a bridge policy rev
contains	apps/web/js/web_bridge_registry.test.cjs	index.html must load index_editor_adapter.js with the bridge policy rev
contains	apps/web/js/web_bridge_registry.js	policyVersion
contains	apps/web/js/web_bridge_registry.js	web bridge global ${name} must declare authority none
contains	apps/web/js/web_bridge_registry.js	web bridge global ${name} metadata must stay projection-only
contains	apps/web/js/web_bridge_registry.test.cjs	chat math scripts must preserve registry ownership after ordered loading
contains	apps/web/js/web_bridge_registry.test.cjs	index boot helpers must use the bridge registry helper
contains	apps/web/js/web_bridge_registry.test.cjs	index editor bootstrap state must be registered through the bridge registry
contains	apps/web/js/web_bridge_registry.test.cjs	bootstrap state must not be stored directly on window
contains	apps/web/js/web_bridge_registry.test.cjs	index mobile editor stubs must not read the adapter-owned CodeMirror view directly
contains	apps/web/js/web_bridge_registry.test.cjs	init bootstrap globals must be registered through the browser bridge registry
contains	apps/web/js/web_bridge_registry.test.cjs	index script order must load theme bootstrap, registry, KaTeX bridge, chat math bootstrap, chat math, native bridge, index bootstrap, init, then lazy editor adapter
contains	apps/web/js/web_bridge_registry.test.cjs	init bootstrap must not adopt unregistered window code actions
contains	apps/web/js/web_bridge_registry.test.cjs	index.html must externalize pre-paint theme bootstrap logic
contains	apps/web/js/index_theme_bootstrap.js	data-deve-theme-pref
absent	apps/web/index.html	window.localStorage
absent	apps/web/index.html	normalizeThemePref
absent	apps/web/js/init.js	window.deve_code_actions
absent	apps/web/js/init.js	window.deve_i18n
contains	apps/web/js/web_bridge_registry.test.cjs	code menu must not initialize the code action registry directly
contains	apps/web/js/index_bootstrap.js	const registerIndexBridgeGlobal = (name, value, meta = {}) =>
contains	apps/web/js/index_bootstrap.js	source: "index-boot-bootstrap"
contains	apps/web/js/index_bootstrap.js	registerIndexBridgeGlobal("__DEVE_DEBUG_OVERLAY__"
contains	apps/web/js/index_bootstrap.js	registerIndexBridgeGlobal("showOverlay"
contains	apps/web/js/index_bootstrap.js	registerIndexBridgeGlobal("setBootPanel"
contains	apps/web/js/index_bootstrap.js	registerIndexBridgeGlobal("hideBootPanel"
contains	apps/web/js/index_bootstrap.js	registerIndexBridgeGlobal("hideOverlay"
contains	apps/web/js/index_bootstrap.js	registerIndexBridgeGlobal("logToOverlay"
absent	apps/web/index.html	window.__DEVE_DEBUG_OVERLAY__ =
absent	apps/web/index.html	window.showOverlay =
absent	apps/web/index.html	window.setBootPanel =
absent	apps/web/index.html	window.hideBootPanel =
absent	apps/web/index.html	window.hideOverlay =
absent	apps/web/index.html	window.logToOverlay =
absent	apps/web/index.html	window.onerror =
contains	apps/web/js/index_bootstrap.js	registerEditorBridgeGlobal("__deveEditorBootstrap"
contains	apps/web/js/index_bootstrap.js	runtime: "widget_bridge_runtime"
contains	apps/web/js/index_bootstrap.js	role: "editor-bootstrap-state"
absent	apps/web/index.html	window._editor_queue
absent	apps/web/index.html	window._pending_editor_actions
absent	apps/web/index.html	window._cm_loaded
absent	apps/web/index.html	window._editor_bridge_ready
absent	apps/web/index.html	window._realInit
absent	apps/web/index.html	window._adapter_loading
absent	apps/web/index.html	window._debug_view
contains	apps/web/js/init.js	registerInitBridgeGlobal("deve_code_actions"
contains	apps/web/js/init.js	registerInitBridgeGlobal("deve_i18n"
contains	apps/web/js/init.js	source: "init-bootstrap"
contains	apps/web/js/init.js	role: "code-toolbar-action-registry"
contains	apps/web/js/init.js	role: "browser-i18n-copy-registry"
absent	apps/web/js/init.js	window.deve_code_actions =
absent	apps/web/js/init.js	window.deve_i18n =
absent	apps/web/js/extensions/code_menu.js	window.deve_code_actions =
absent	apps/web/js/extensions/gutter_diff.js	window.updateGutterDiff =
contains	apps/web/js/chat_math_bootstrap.js	registerFallback("renderChatMath"
contains	apps/web/js/chat_math_bootstrap.js	web bridge registry unavailable before registering renderChatMath
absent	apps/web/js/chat_math_bootstrap.js	window.renderChatMath =
contains	apps/web/js/chat_math.js	bridge.register("renderChatMath"
contains	apps/web/js/chat_math.js	bridge.register("__deveChatMath"
contains	apps/web/js/chat_math.js	web bridge registry unavailable before registering chat math
absent	apps/web/js/chat_math.js	window.renderChatMath =
absent	apps/web/js/chat_math.js	window.__deveChatMath =
contains	apps/web/js/native_backend_bridge.js	bridge.register("__DEVE_NATIVE_BACKEND_CONFIG__"
contains	apps/web/js/native_backend_bridge.js	runtime: "native_shell_mode_runtime"
contains	apps/web/js/native_backend_bridge.js	authority: "none"
contains	apps/web/js/native_backend_bridge.js	web bridge registry unavailable before registering native backend config
absent	apps/web/js/native_backend_bridge.js	window.__DEVE_NATIVE_BACKEND_CONFIG__ =
contains	apps/web/js/web_bridge_registry.test.cjs	native backend config facade must be registered through the browser bridge registry
contains	apps/web/js/editor_remote_ops.js	Transaction.addToHistory.of(false)
contains	apps/web/src/utils/markdown.rs	Options::ENABLE_TABLES
contains	apps/web/src/utils/markdown.rs	Options::ENABLE_STRIKETHROUGH
contains	apps/web/src/utils/markdown.rs	Options::ENABLE_TASKLISTS
contains	apps/web/src/utils/markdown_tests.rs	code_block_omits_apply_button_without_label
contains	apps/web/src/utils/markdown_tests.rs	code_block_includes_apply_button_with_label
contains	apps/web/src/utils/markdown_tests.rs	html_filter_allows_br_only
contains	apps/web/src/utils/markdown_tests.rs	link_rendering_adds_blank_target_and_rel
contains	apps/web/src/utils/markdown_tests.rs	link_rendering_rejects_script_scheme
contains	apps/web/src/utils/markdown_tests.rs	unsupported_highlight_syntax_stays_plain_text
contains	apps/web/src/utils/markdown_tests.rs	code_block_language_class_is_escaped
contains	apps/web/src/utils/markdown_tests.rs	fn empty_atx_headings_emit_distinct_html_levels()
contains	apps/web/src/utils/markdown_tests.rs	fn markdown_heading_modes_keep_nonempty_atx_rows_tall()
contains	docs/acceptance-cases/03_rendering.md	case_id: RENDER-LINK-001
case_contains	docs/acceptance-cases/03_rendering.md	RENDER-LINK-001	ui_keydown: "Ctrl"
case_contains	docs/acceptance-cases/03_rendering.md	RENDER-LINK-001	navigation_not_triggered_first_click true
case_contains	docs/acceptance-cases/03_rendering.md	RENDER-LINK-001	navigation_triggered_second_click true
contains	docs/acceptance-bindings.tsv	RENDER-LINK-001|manual-chrome|docs/features/03_rendering.md|Ctrl/Cmd link activation gate workflow
contains	docs/plan/10_rendering.md	### 5.2 Link Activation {#link-activation-gate}
contains	docs/plan/AGENTS.md	10_rendering#link-activation-gate
contains	apps/web/src/hooks/use_ctrl_key.rs	10_rendering#link-activation-gate
contains	apps/web/src/components/main_layout.rs	use_ctrl_key();
contains	apps/web/js/extensions/hyperlink_click.js	if (!event.ctrlKey && !event.metaKey) return;
contains	apps/web/js/extensions/hyperlink_click.js	if (event.button !== 0) return;
contains	apps/web/js/extensions/hyperlink_click.js	function isSafeMarkdownHref(url)
contains	apps/web/js/extensions/hyperlink_click.js	if (!isSafeMarkdownHref(trimmed)) return null;
contains	apps/web/js/extensions/hyperlink_click.js	if (!finalUrl) return;
contains	apps/web/js/extensions/hyperlink_click.js	window.open(finalUrl, "_blank", "noopener,noreferrer")
contains	apps/web/style/_typography.css	.is-ctrl-pressed .cm-link
contains	docs/acceptance-cases/03_rendering.md	case_id: RENDER-LINK-002
contains	docs/acceptance-cases/03_rendering.md	ui_dom_attr_eq: ["target", "_blank"]
contains	docs/acceptance-cases/03_rendering.md	ui_dom_attr_eq: ["rel", "noopener noreferrer"]
contains	apps/web/src/utils/markdown.rs	target="_blank" and rel="noopener noreferrer"
contains	docs/report/rendering-interaction-spot-smoke-2026-05-13.md	window.open("https://example.com", "_blank", "noopener,noreferrer")
contains	docs/plan/10_rendering.md	### 5.2 Link Activation {#link-activation-gate}
contains	docs/plan/AGENTS.md	10_rendering#link-activation-gate
contains	docs/acceptance-cases/03_rendering.md	case_id: RENDER-LINK-001
case_contains	docs/acceptance-cases/03_rendering.md	RENDER-LINK-001	ui_keydown: "Ctrl"
case_contains	docs/acceptance-cases/03_rendering.md	RENDER-LINK-001	navigation_not_triggered_first_click true
case_contains	docs/acceptance-cases/03_rendering.md	RENDER-LINK-001	navigation_triggered_second_click true
contains	docs/acceptance-bindings.tsv	RENDER-LINK-001|manual-chrome|docs/features/03_rendering.md|Ctrl/Cmd link activation gate workflow
contains	apps/web/src/hooks/use_ctrl_key.rs	10_rendering#link-activation-gate
contains	apps/web/src/components/main_layout.rs	use_ctrl_key();
contains	apps/web/js/extensions/hyperlink_click.js	if (!event.ctrlKey && !event.metaKey) return;
contains	apps/web/js/extensions/hyperlink_click.js	if (event.button !== 0) return;
contains	apps/web/js/extensions/hyperlink_click.js	function isSafeMarkdownHref(url)
contains	apps/web/js/extensions/hyperlink_click.js	if (!isSafeMarkdownHref(trimmed)) return null;
contains	apps/web/js/extensions/hyperlink_click.js	if (!finalUrl) return;
contains	apps/web/js/extensions/hyperlink_click.js	window.open(finalUrl, "_blank", "noopener,noreferrer")
contains	apps/web/style/_typography.css	.is-ctrl-pressed .cm-link
contains	docs/acceptance-cases/03_rendering.md	case_id: RENDER-WHITELIST-001
contains	docs/acceptance-cases/03_rendering.md	highlight_not_rendered true
contains	docs/acceptance-cases/03_rendering.md	html_div_filtered true
contains	docs/acceptance-cases/03_rendering.md	extended_inline_syntax_plain_text ["H~2~O", "^sup^", ":smile:"]
contains	apps/web/js/editor_adapter.js	extensions: [GFM]
absent	apps/web/js/editor_adapter.js	Subscript
absent	apps/web/js/editor_adapter.js	Superscript
absent	apps/web/js/editor_adapter.js	Emoji
contains	docs/report/rendering-interaction-spot-smoke-2026-05-13.md	==plain==
contains	apps/web/src/components/chat/message_item.rs	chat_apply_label_is_build_only_for_assistant_messages
contains	apps/web/src/components/chat/message_list.rs	chat_apply_click_is_consumed_only_in_build_mode
contains	apps/web/src/components/chat/actions/apply/tests.rs	chat_apply_edit_message_carries_current_scope_nonce
contains	tools/baseline/src/specs/ai.tsv	chat_apply_edit_message_carries_current_scope_nonce
contains	apps/web/src/components/outline_render/scan.rs	pub(super) fn next_char_at
contains	apps/web/src/components/outline_render/parse_test.rs	outline_scan_helpers_fail_soft_on_non_char_boundary_start
absent	apps/web/src/components/outline_render/parse.rs	chars().next().unwrap()
absent	apps/web/src/components/outline_render/scan.rs	chars().next().unwrap()
contains	docs/plan/10_rendering.md	### 6.5 Outline Projection {#outline-projection}
contains	docs/plan/AGENTS.md	10_rendering#outline-projection
contains	docs/acceptance-cases/03_rendering.md	case_id: RENDER-OUTLINE-001
case_contains	docs/acceptance-cases/03_rendering.md	RENDER-OUTLINE-001	ui_assert: outline_atx_empty_tab_and_closing_headings_supported true
case_contains	docs/acceptance-cases/03_rendering.md	RENDER-OUTLINE-001	ui_assert: outline_heading_items_are_buttons true
contains	docs/features/03_rendering.md	Outline 应识别空与非空 ATX 标题、tab 分隔标题
contains	docs/features/03_rendering.md	Outline 应识别空与非空 ATX 标题、tab 分隔标题
contains	docs/acceptance-cases/03_rendering.md	outline_atx_empty_tab_and_closing_headings_supported true
contains	docs/acceptance-cases/03_rendering.md	outline_heading_items_are_buttons true
contains	docs/plan/AGENTS.md	10_rendering#outline-projection
contains	apps/web/src/components/outline.rs	10_rendering#outline-projection
contains	apps/web/src/components/outline.rs	fn parse_atx_heading
contains	apps/web/src/components/outline.rs	fn strip_atx_closing_sequence
contains	apps/web/src/components/outline.rs	outline_atx_heading_scan_supports_empty_tab_and_closing_sequence
contains	apps/web/src/components/outline.rs	outline_atx_heading_scan_skips_code_and_invalid_openers
contains	apps/web/src/components/outline.rs	data-deve-outline-heading-item="true"
contains	apps/web/src/components/outline.rs	type="button"
contains	apps/web/src/components/outline.rs	aria-label={aria_text}
contains	apps/web/src/i18n/sidebar.rs	pub fn empty_outline_heading
contains	apps/web/src/i18n/sidebar.rs	Empty heading on line
contains	docs/features/operations/rendering_link_activation_gate.md	apps/web/src/hooks/use_ctrl_key.rs
contains	apps/web/src/hooks/use_ctrl_key.rs	fn body() -> Option<web_sys::HtmlElement>
contains	apps/web/src/hooks/use_ctrl_key.rs	fn browser_window() -> Option<web_sys::Window>
contains	apps/web/src/hooks/use_ctrl_key.rs	ctrl_key_dom_helpers_fail_soft_without_browser_window
absent	apps/web/src/hooks/use_ctrl_key.rs	expect("window")
absent	apps/web/src/hooks/use_ctrl_key.rs	expect("document")
absent	apps/web/src/hooks/use_ctrl_key.rs	body().unwrap()
contains	docs/acceptance-cases/03_rendering.md	case_id: RENDER-CODE-001
contains	docs/acceptance-cases/03_rendering.md	toolbar_has_buttons ["Copy", "Ellipsis"]
contains	docs/acceptance-cases/03_rendering.md	menu_empty_state_text localized_editor_copy "noActionsAvailable"
contains	docs/acceptance-cases/03_rendering.md	code_toolbar_action_markers ["copy", "ellipsis"]
contains	docs/acceptance-cases/03_rendering.md	code_menu_empty_state_marker_visible true
contains	apps/web/js/extensions/code_toolbar.js	copyBtn.setAttribute("data-deve-code-toolbar-action", "copy");
contains	apps/web/js/extensions/code_toolbar.js	menuBtn.setAttribute("data-deve-code-toolbar-action", "ellipsis");
contains	apps/web/js/extensions/code_menu.js	empty.setAttribute("data-deve-code-menu-empty-state", "true");
contains	apps/web/js/extensions/code_menu.js	empty.setAttribute("data-deve-i18n-key", "noActionsAvailable");
contains	docs/plan/10_rendering.md	### 6.4 Code Block Toolbar Contract {#code-block-toolbar-contract}
contains	docs/plan/AGENTS.md	10_rendering#code-block-toolbar-contract
contains	apps/web/js/extensions/code_toolbar.js	ICON_COPY
contains	apps/web/js/extensions/code_toolbar.js	ICON_ELLIPSIS
contains	apps/web/js/extensions/code_toolbar.js	copyBtn.type = "button"
contains	apps/web/js/extensions/code_toolbar.js	copyBtn.setAttribute("aria-label", copyLabel)
contains	apps/web/js/extensions/code_toolbar.js	menuBtn.type = "button"
contains	apps/web/js/extensions/code_toolbar.js	menuBtn.setAttribute("aria-label", menuLabel)
contains	apps/web/js/extensions/code_toolbar.js	menuBtn.setAttribute("aria-haspopup", "menu")
contains	apps/web/js/extensions/code_toolbar.js	menuBtn.setAttribute("aria-expanded", "false")
contains	apps/web/js/extensions/code_menu.js	editorCopy("noActionsAvailable")
contains	apps/web/js/extensions/code_menu.js	menuHostFor(anchor).appendChild(menu)
contains	apps/web/js/i18n.js	noActionsAvailable: "No actions available"
contains	apps/web/js/i18n.js	noActionsAvailable: "暂无可用操作"
contains	apps/web/js/init.js	registerInitBridgeGlobal("deve_code_actions"
absent	apps/web/js/init.js	Run Code
absent	apps/web/js/init.js	Send to AI
absent	apps/web/js/init.js	TODO: Connect to backend
contains	docs/acceptance-cases/03_rendering.md	case_id: RENDER-NEST-001
contains	docs/acceptance-cases/03_rendering.md	nesting_indentation_consistent true
contains	docs/acceptance-cases/03_rendering.md	background_layers_correct true
contains	apps/web/js/extensions/blockquote_border.js	cm-blockquote-depth-${effectiveDepth}
contains	apps/web/js/extensions/math.js	cm-nested-math-depth-${effectiveDepth}
contains	apps/web/js/extensions/math.js	MAX_NESTED_MATH_DEPTH = 10
contains	apps/web/js/extensions/math.js	Math.min(this.quoteDepth, MAX_NESTED_MATH_DEPTH)
absent	apps/web/js/extensions/math.js	Math.min(this.quoteDepth, 5)
contains	apps/web/style/_blockquote.css	[class*="cm-blockquote-depth-"]
contains	apps/web/style/_math.css	[class*="cm-nested-math-depth-"]
contains	apps/web/style/_blockquote.css	cm-blockquote-depth-10
contains	apps/web/style/_math.css	cm-nested-math-depth-10
contains	docs/report/rendering-interaction-spot-smoke-2026-05-13.md	Nested rendering
contains	docs/report/rendering-interaction-spot-smoke-2026-05-13.md	cm-blockquote-depth-1
absent	docs/features/03_rendering.md	完整 preview mode 已实现
absent	docs/features/03_rendering.md	完整 virtual rendering 已实现
absent	docs/features/03_rendering.md	rendering settings 的完整 GUI 持久化已实现
